relative_path,size_bytes,sha256,asset_type,authority,notes
.gitattributes,70,44373c9e45a25e77abe8e8caee6dbc7a309987c5b0e657dc7febd6c9307746cb,Portfolio documentation,Portfolio revision,Technical presentation and navigation.
.gitignore,106,bdd0645546ddc245188c73ef7bc2e4b730c308975462323b2e57f73f84816b5d,Portfolio documentation,Portfolio revision,Technical presentation and navigation.
01_Academic/01_Thesis/Final/Dissertation_LIU Zhaolin.pdf,2910309,e578ed6644dbb0c75e4d61198f1136a02b066b1e5bdf333bc7f49ba4ea824379,Academic,Display or supporting source,Thesis PDF is privacy-edited; third-party licence scope is separately documented.
01_Academic/02_Stage_Reports/2026.1.18.pdf,2057252,1ea3b546af0c141ed97c6c175d08a8b1fe06823ad97297c16c84226349f95bec,Academic,Display or supporting source,Public-scope display edit; original retained outside repository.
01_Academic/02_Stage_Reports/2026.2.1.pdf,1563310,e2fb0d37d5f6306cc1e21f39145496c47065f611c48d6ceb0f52085ca3faef61,Academic,Display or supporting source,Public-scope display edit; original retained outside repository.
01_Academic/02_Stage_Reports/2026.7.19.pdf,6481985,ae16ce31d95b3ed1c0b91a32a456cbcca1aeba00a9164087a9fd9ad3a7099ab7,Academic,Display or supporting source,Thesis PDF is privacy-edited; third-party licence scope is separately documented.
01_Academic/02_Stage_Reports/2026.7.19.pptx,16665136,5bd48001ad4e7a5e576a60cebabd50d5f53291f0d4fa59002b12b46b58959317,Academic,Display or supporting source,Thesis PDF is privacy-edited; third-party licence scope is separately documented.
01_Academic/02_Stage_Reports/Interim Report.pptx,1893984,bf17e0864ecfbb7342d927a4e9d8cc61e3aeaae4a3e8a4b69f5d2974a664f644,Academic,Display or supporting source,Thesis PDF is privacy-edited; third-party licence scope is separately documented.
01_Academic/02_Stage_Reports/interm report.pdf,1619110,96fe1f57fa472ee87d61d01714f90923d150944d39bdfaf2dbf856ba6f54b144,Academic,Display or supporting source,Thesis PDF is privacy-edited; third-party licence scope is separately documented.
01_Academic/03_Defense/Final/final report.pdf,2275174,a1eab9b8abe9879b5d29b1fd3d2019286bbb90eb983ae97e23049ed3bedb468c,Academic,Display or supporting source,Thesis PDF is privacy-edited; third-party licence scope is separately documented.
01_Academic/03_Defense/Final/Final Report.pptx,21624592,f21215fa9b5e4d21655561fd0f3648784c1a601207017a9dadc642526f2709f2,Academic,Display or supporting source,Thesis PDF is privacy-edited; third-party licence scope is separately documented.
01_Academic/04_Reference_Library/COPYRIGHT_AND_ACCESS.md,824,8054cf05d98a42103385fbe26ed03c8594ded8d11e6ee6d51f64a0af00cdb06e,Academic,Display or supporting source,Thesis PDF is privacy-edited; third-party licence scope is separately documented.
01_Academic/04_Reference_Library/Files/REF_10_2017_GelSight_High_Resolution_Robot_Tactile_Sensors_for_Estimating_Geometry_and_Force.pdf,27442699,e40e658db44c1f35d527e86ee104ee8e6f16da330bdf92c3cdd2d6a8f12ace91,Academic,Display or supporting source,Thesis PDF is privacy-edited; third-party licence scope is separately documented.
01_Academic/04_Reference_Library/Files/REF_15_2018_The_TacTip_Family_Soft_Optical_Tactile_Sensors_with_3D_Printed_Biomimetic_Morpho.pdf,1378352,b8314c9daeebeed66aa44595ca887f611dfdfd28fda3fe1fcc88d89bf3664c7b,Academic,Display or supporting source,Thesis PDF is privacy-edited; third-party licence scope is separately documented.
01_Academic/04_Reference_Library/Files/REF_30_9DTact_Official_Repository/LICENSE,1068,e984b22cc65d4f2f3a12ffe2370d287646f74fb661544dd75c04a0ff65d38a8f,Academic,Display or supporting source,Thesis PDF is privacy-edited; third-party licence scope is separately documented.
01_Academic/04_Reference_Library/Files/REF_30_9DTact_Official_Repository/README.md,10133,e0a3b9b9e7cb1d8f1ca7f00b3cdb94b38b80170893a2a63896f7415e918643ba,Academic,Display or supporting source,Thesis PDF is privacy-edited; third-party licence scope is separately documented.
01_Academic/04_Reference_Library/REFERENCE_DOWNLOAD_MANIFEST.csv,17770,9f669a514dafbf08c5d537f7d072cbd96b1205e25d529481a2e303577e62f5e3,Academic,Display or supporting source,Thesis PDF is privacy-edited; third-party licence scope is separately documented.
01_Academic/04_Reference_Library/REFERENCE_LIBRARY_INDEX.md,6477,9854b9a9258103e4b31df9c76eac7b9dad85b14be5e471c81b6c6a4337bade88,Academic,Display or supporting source,Thesis PDF is privacy-edited; third-party licence scope is separately documented.
01_Academic/ACADEMIC_INDEX.md,1642,d0647d3a828c609d7bcff7ab777957cda56fc30e6a53b3ef57730a0188e57efb,Academic,Display or supporting source,Thesis PDF is privacy-edited; third-party licence scope is separately documented.
01_Academic/LITERATURE_INDEX.csv,26660,fb716e8d472eb7855e78bf3d9c7dd32fa59da91e6c805f188a272187d1afa0a4,Academic,Display or supporting source,Thesis PDF is privacy-edited; third-party licence scope is separately documented.
02_Software/Final_Repository_Snapshot/.gitattributes,595,614a4ab9bae47cdc50b0be164f60a66252b96883b6f864ca0ba3467a91f183dd,Frozen software,Preserved handover snapshot,Byte-identical to pre-portfolio snapshot; source comparison documented in VERSION_FREEZE.md.
02_Software/Final_Repository_Snapshot/.gitignore,1664,37b7d14dfb30bef71e86456fdf35d8a8f6147085fa286b832f1367a717f27ab0,Frozen software,Preserved handover snapshot,Byte-identical to pre-portfolio snapshot; source comparison documented in VERSION_FREEZE.md.
02_Software/Final_Repository_Snapshot/custom_9dtact/configs/force_sensor_1.yaml,776,147956854e0e345d94e2ac74e47c0e74e9cfd8fae3814636e9e4a06360c93a1b,Frozen software,Preserved handover snapshot,Byte-identical to pre-portfolio snapshot; source comparison documented in VERSION_FREEZE.md.
02_Software/Final_Repository_Snapshot/custom_9dtact/configs/force_sensor_2.yaml,776,fca445e1c0a4cf90081640383931d5313021b61f742c7d9565289a189611146b,Frozen software,Preserved handover snapshot,Byte-identical to pre-portfolio snapshot; source comparison documented in VERSION_FREEZE.md.
02_Software/Final_Repository_Snapshot/custom_9dtact/configs/shape_sensor_1.yaml,877,378e9c812b8029eeff629685d918c960b75d680491baa13883617b9338e0bc4b,Frozen software,Preserved handover snapshot,Byte-identical to pre-portfolio snapshot; source comparison documented in VERSION_FREEZE.md.
02_Software/Final_Repository_Snapshot/custom_9dtact/configs/shape_sensor_2.yaml,877,21c1f8da25e3b2fac082d0d6990f7c1077e3ab68b7f023fb3148a918bbbde9a7,Frozen software,Preserved handover snapshot,Byte-identical to pre-portfolio snapshot; source comparison documented in VERSION_FREEZE.md.
02_Software/Final_Repository_Snapshot/custom_9dtact/data/__init__.py,248,bae58a34cb77c11cf868ec7ae7a90e6d9e8e2caf45e1c2fb641e14d97364b176,Frozen software,Preserved handover snapshot,Byte-identical to pre-portfolio snapshot; source comparison documented in VERSION_FREEZE.md.
02_Software/Final_Repository_Snapshot/custom_9dtact/data/dtact_dataset.py,3795,f4a5d3c5cdc96e71bb531b7ae13412aa31017e80f1e2a4ba22b2194de5786ba8,Frozen software,Preserved handover snapshot,Byte-identical to pre-portfolio snapshot; source comparison documented in VERSION_FREEZE.md.
02_Software/Final_Repository_Snapshot/custom_9dtact/data/path_utils.py,774,54e979810841a6a5b3fda5a37a4a3726e07fe24a011b970b8e66decb92892a1b,Frozen software,Preserved handover snapshot,Byte-identical to pre-portfolio snapshot; source comparison documented in VERSION_FREEZE.md.
02_Software/Final_Repository_Snapshot/custom_9dtact/data_collection/collect_data_ft300.py,23443,c6d96898571d68b80b493b860112971cbca31fde8c889fa848f611333f40520b,Frozen software,Preserved handover snapshot,Byte-identical to pre-portfolio snapshot; source comparison documented in VERSION_FREEZE.md.
02_Software/Final_Repository_Snapshot/custom_9dtact/data_collection/representation.py,1383,448f97e710326435dc0b8e8bd29d072c1df9dc16c07ec4a0ccfb1be5860b3de7,Frozen software,Preserved handover snapshot,Byte-identical to pre-portfolio snapshot; source comparison documented in VERSION_FREEZE.md.
02_Software/Final_Repository_Snapshot/custom_9dtact/data_collection/split_train_test.py,7143,2df0c36116048859b6939b2b8a161aac76bb1818d7dbb3bc99886d30bd2da247,Frozen software,Preserved handover snapshot,Byte-identical to pre-portfolio snapshot; source comparison documented in VERSION_FREEZE.md.
02_Software/Final_Repository_Snapshot/custom_9dtact/data_collection/split_train_test_by_object.py,4553,f2a74d6fa7107ea6cd5b4c9e4d1c84eb52bb0cb3559c1e05ff9dda56e53d9ab3,Frozen software,Preserved handover snapshot,Byte-identical to pre-portfolio snapshot; source comparison documented in VERSION_FREEZE.md.
02_Software/Final_Repository_Snapshot/custom_9dtact/data_collection/wrench_normalization.py,11760,dea2dfe5695f8a036666bdc4fc5824f1b9cb7a041eceeb2e761c04fc603c571c,Frozen software,Preserved handover snapshot,Byte-identical to pre-portfolio snapshot; source comparison documented in VERSION_FREEZE.md.
02_Software/Final_Repository_Snapshot/custom_9dtact/environment.yml,399,68180be438dfe9347b0b57c0088eea3f03416e94650c427dd559acf2a0650bcb,Frozen software,Preserved handover snapshot,Byte-identical to pre-portfolio snapshot; source comparison documented in VERSION_FREEZE.md.
02_Software/Final_Repository_Snapshot/custom_9dtact/force_estimation/_1_Force_Estimation.py,1333,7004852f9639a3f6e29593a87b4e2642af74ae13fc931c896afe06740004fe1e,Frozen software,Preserved handover snapshot,Byte-identical to pre-portfolio snapshot; source comparison documented in VERSION_FREEZE.md.
02_Software/Final_Repository_Snapshot/custom_9dtact/force_estimation/__init__.py,373,9ec151c4ea2f34569a99a011a29c818ce704a89e3746f2039660468389ae6036,Frozen software,Preserved handover snapshot,Byte-identical to pre-portfolio snapshot; source comparison documented in VERSION_FREEZE.md.
02_Software/Final_Repository_Snapshot/custom_9dtact/force_estimation/estimator.py,5883,c691799ffac73224ef35e4889bf9503d3ae5bd4fb53d8a5236539b2bbc5498b4,Frozen software,Preserved handover snapshot,Byte-identical to pre-portfolio snapshot; source comparison documented in VERSION_FREEZE.md.
02_Software/Final_Repository_Snapshot/custom_9dtact/force_estimation/force_visualizer.py,8526,cb2941c27e52c7f8b3d1643b412c1e507ad2c4236455ede245500323a722b227,Frozen software,Preserved handover snapshot,Byte-identical to pre-portfolio snapshot; source comparison documented in VERSION_FREEZE.md.
02_Software/Final_Repository_Snapshot/custom_9dtact/force_estimation/test.png,180932,1f0f57d1dbb88837e08a574c87325be5e3b1ffc8a20b2b89d7215b1644496b40,Frozen software,Preserved handover snapshot,Byte-identical to pre-portfolio snapshot; source comparison documented in VERSION_FREEZE.md.
02_Software/Final_Repository_Snapshot/custom_9dtact/force_estimation/train.py,19857,8113d1b0ecb81e439e376651b1e904f6701d3f4ba2ef71026a61b3f85e08c3cf,Frozen software,Preserved handover snapshot,Byte-identical to pre-portfolio snapshot; source comparison documented in VERSION_FREEZE.md.
02_Software/Final_Repository_Snapshot/custom_9dtact/force_estimation/wrench.py,16523,95584c9010c4e9444bf7bfa4519d7f405d0ebd9bcaa2ee5f352e7853724ff157,Frozen software,Preserved handover snapshot,Byte-identical to pre-portfolio snapshot; source comparison documented in VERSION_FREEZE.md.
02_Software/Final_Repository_Snapshot/custom_9dtact/legacy/bota/collect_data_bota_legacy.py,8291,0828c90fde9659e38720c681eccd7931e05326fa0646b363a239438ec0a4db0c,Frozen software,Preserved handover snapshot,Byte-identical to pre-portfolio snapshot; source comparison documented in VERSION_FREEZE.md.
02_Software/Final_Repository_Snapshot/custom_9dtact/legacy/bota/README.md,624,2c5f0c632726a992f665215a68ab64c6af97e259cb4ec7cc2a07ce0497f242f5,Frozen software,Preserved handover snapshot,Byte-identical to pre-portfolio snapshot; source comparison documented in VERSION_FREEZE.md.
02_Software/Final_Repository_Snapshot/custom_9dtact/model/__init__.py,78,a26f42713f2729cf1c4f0d60918c9ed4987f42e461156d94bfaf9eed20accd0b,Frozen software,Preserved handover snapshot,Byte-identical to pre-portfolio snapshot; source comparison documented in VERSION_FREEZE.md.
02_Software/Final_Repository_Snapshot/custom_9dtact/model/cnn.py,1391,5dbbc108593075e8a44d8cc20141aae64ee31fee24ce4cfd6052d2716bc5d6ba,Frozen software,Preserved handover snapshot,Byte-identical to pre-portfolio snapshot; source comparison documented in VERSION_FREEZE.md.
02_Software/Final_Repository_Snapshot/custom_9dtact/model/vit.py,17953,4f6a81d3444500fc5e20c1150247b92058a15dbca31310d09244d3f7378c9b6a,Frozen software,Preserved handover snapshot,Byte-identical to pre-portfolio snapshot; source comparison documented in VERSION_FREEZE.md.
02_Software/Final_Repository_Snapshot/custom_9dtact/model/vit_resnet_v2.py,5757,cb58ce0598905a3e60c1197d0fe296d3c70ac5a68188f119a55447a02d02aa54,Frozen software,Preserved handover snapshot,Byte-identical to pre-portfolio snapshot; source comparison documented in VERSION_FREEZE.md.
02_Software/Final_Repository_Snapshot/custom_9dtact/pyproject.toml,97,717ffbb955ebb2e488c0137c4ff227cc6892d269cc1754da00a1df79c749a310,Frozen software,Preserved handover snapshot,Byte-identical to pre-portfolio snapshot; source comparison documented in VERSION_FREEZE.md.
02_Software/Final_Repository_Snapshot/custom_9dtact/reference_assets/README.md,444,4b6867a109e76b75ecf6812fe8d189f2ad0161d82602980b6152b5554077c530,Frozen software,Preserved handover snapshot,Byte-identical to pre-portfolio snapshot; source comparison documented in VERSION_FREEZE.md.
02_Software/Final_Repository_Snapshot/custom_9dtact/requirements-core.txt,244,ffb367de875160db43cf57c77d298fc224577e2526f57e9f81919427d394de64,Frozen software,Preserved handover snapshot,Byte-identical to pre-portfolio snapshot; source comparison documented in VERSION_FREEZE.md.
02_Software/Final_Repository_Snapshot/custom_9dtact/requirements-pytorch.txt,212,f1e9b31fb03e0a8e57d984d6c5894f0f2c97d4ede323e743167e682942fe5748,Frozen software,Preserved handover snapshot,Byte-identical to pre-portfolio snapshot; source comparison documented in VERSION_FREEZE.md.
02_Software/Final_Repository_Snapshot/custom_9dtact/requirements-training.txt,201,d25c48de19109599b277bc6ccf4d25493d15bc9b875122aa6c8c0f4aa82d0993,Frozen software,Preserved handover snapshot,Byte-identical to pre-portfolio snapshot; source comparison documented in VERSION_FREEZE.md.
02_Software/Final_Repository_Snapshot/custom_9dtact/requirements.txt,242,3b4e9408cfc716cb6736b4ac27c57c734081b1e65af5f9a4bf51951807b6690e,Frozen software,Preserved handover snapshot,Byte-identical to pre-portfolio snapshot; source comparison documented in VERSION_FREEZE.md.
02_Software/Final_Repository_Snapshot/custom_9dtact/ros_ws/src/9dtact_ft300_ros/CMakeLists.txt,769,285a0b406edc2a574889cd00f27999ce3756bada8f1585690f50e932eb0be85d,Frozen software,Preserved handover snapshot,Byte-identical to pre-portfolio snapshot; source comparison documented in VERSION_FREEZE.md.
02_Software/Final_Repository_Snapshot/custom_9dtact/ros_ws/src/9dtact_ft300_ros/config/ft300.yaml,849,a1714441926840c4458377efbebce1f0b438a28f9f05b0acf10ed748e6490e1b,Frozen software,Preserved handover snapshot,Byte-identical to pre-portfolio snapshot; source comparison documented in VERSION_FREEZE.md.
02_Software/Final_Repository_Snapshot/custom_9dtact/ros_ws/src/9dtact_ft300_ros/launch/compare_prediction_with_ft300.launch,1722,64c82dd546cdefcb24e5eff0dbb76f32de34a7b75db375fd68b777de0140ba72,Frozen software,Preserved handover snapshot,Byte-identical to pre-portfolio snapshot; source comparison documented in VERSION_FREEZE.md.
02_Software/Final_Repository_Snapshot/custom_9dtact/ros_ws/src/9dtact_ft300_ros/launch/force_estimation.launch,1463,9ba3e3474ab9524582cdab58e3749dad12b69ff62d60c666b19d0752a16a473c,Frozen software,Preserved handover snapshot,Byte-identical to pre-portfolio snapshot; source comparison documented in VERSION_FREEZE.md.
02_Software/Final_Repository_Snapshot/custom_9dtact/ros_ws/src/9dtact_ft300_ros/launch/ft300_collection.launch,1823,72861b9a1ae3f84795de2cc428afd403e3675102c6b603074daf710324397938,Frozen software,Preserved handover snapshot,Byte-identical to pre-portfolio snapshot; source comparison documented in VERSION_FREEZE.md.
02_Software/Final_Repository_Snapshot/custom_9dtact/ros_ws/src/9dtact_ft300_ros/launch/sensor1_shape.launch,1002,4a7d4f0b4c34e192cdfa6f94a7ef67ac35b6aec85bbe9058489e26cfc92d8432,Frozen software,Preserved handover snapshot,Byte-identical to pre-portfolio snapshot; source comparison documented in VERSION_FREEZE.md.
02_Software/Final_Repository_Snapshot/custom_9dtact/ros_ws/src/9dtact_ft300_ros/launch/sensor2_shape.launch,1002,0827160b6e4947293576aa0ddfd9498f1f21c95b58d308a101ba9c20bfaf3b07,Frozen software,Preserved handover snapshot,Byte-identical to pre-portfolio snapshot; source comparison documented in VERSION_FREEZE.md.
02_Software/Final_Repository_Snapshot/custom_9dtact/ros_ws/src/9dtact_ft300_ros/launch/shape_force_demo.launch,1623,f2a0f6fd883ccac02008d0ac372ef45acae1e9a91b3262b6c2d278da247ced0a,Frozen software,Preserved handover snapshot,Byte-identical to pre-portfolio snapshot; source comparison documented in VERSION_FREEZE.md.
02_Software/Final_Repository_Snapshot/custom_9dtact/ros_ws/src/9dtact_ft300_ros/package.xml,832,f79b64fbfe813fb43f067087459a641842edf254d65e1d848040ee043a5bbe47,Frozen software,Preserved handover snapshot,Byte-identical to pre-portfolio snapshot; source comparison documented in VERSION_FREEZE.md.
02_Software/Final_Repository_Snapshot/custom_9dtact/ros_ws/src/9dtact_ft300_ros/scripts/force_estimation_node.py,159,ab20854c0e91d07ec5adf78f83eb37056a7fa92dde80fc7c5342ddade03b6126,Frozen software,Preserved handover snapshot,Byte-identical to pre-portfolio snapshot; source comparison documented in VERSION_FREEZE.md.
02_Software/Final_Repository_Snapshot/custom_9dtact/ros_ws/src/9dtact_ft300_ros/scripts/ft300_data_collector_node.py,154,7d624b1d90cbcd2174015189729cd4d4fa370c91a83794364baab35e91cf9bf0,Frozen software,Preserved handover snapshot,Byte-identical to pre-portfolio snapshot; source comparison documented in VERSION_FREEZE.md.
02_Software/Final_Repository_Snapshot/custom_9dtact/ros_ws/src/9dtact_ft300_ros/scripts/repository_runner.py,1332,808776967cdc6f201f2176bb6661b04d49596de19539eaf951243ede7163ec33,Frozen software,Preserved handover snapshot,Byte-identical to pre-portfolio snapshot; source comparison documented in VERSION_FREEZE.md.
02_Software/Final_Repository_Snapshot/custom_9dtact/ros_ws/src/9dtact_ft300_ros/scripts/sensor_node.py,149,b7ee9e7e587585531d2700cff1c7b0785385cb3a5f11377259b5573c8e08f670,Frozen software,Preserved handover snapshot,Byte-identical to pre-portfolio snapshot; source comparison documented in VERSION_FREEZE.md.
02_Software/Final_Repository_Snapshot/custom_9dtact/ros_ws/src/9dtact_ft300_ros/scripts/shape_force_node.py,154,548f5f2515d12dfe6a445e8e485cab723045f7f15849d25d09171a4110f4588d,Frozen software,Preserved handover snapshot,Byte-identical to pre-portfolio snapshot; source comparison documented in VERSION_FREEZE.md.
02_Software/Final_Repository_Snapshot/custom_9dtact/ros_ws/src/9dtact_ft300_ros/scripts/shape_reconstruction_node.py,163,73ea7400953695968701d92d3b5ec5b6cea7c1c3b65522af4254ff865b550451,Frozen software,Preserved handover snapshot,Byte-identical to pre-portfolio snapshot; source comparison documented in VERSION_FREEZE.md.
02_Software/Final_Repository_Snapshot/custom_9dtact/ros_ws/src/9dtact_ft300_ros/scripts/wrench_comparison_node.py,155,7068e31d0b0e4bd48bb70a164534a00541170fba9029f38c59d40723e3f869c9,Frozen software,Preserved handover snapshot,Byte-identical to pre-portfolio snapshot; source comparison documented in VERSION_FREEZE.md.
02_Software/Final_Repository_Snapshot/custom_9dtact/ros_ws/src/CMakeLists.txt,1128,66b923d3c8cd2c71a1511823d78e55ffec529fc315a7ceb8867bfc3aba633cf3,Frozen software,Preserved handover snapshot,Byte-identical to pre-portfolio snapshot; source comparison documented in VERSION_FREEZE.md.
02_Software/Final_Repository_Snapshot/custom_9dtact/setup.py,1473,03377711ee18a2ae218cacd592f32db01b57abe758f334814f0fec9145366390,Frozen software,Preserved handover snapshot,Byte-identical to pre-portfolio snapshot; source comparison documented in VERSION_FREEZE.md.
02_Software/Final_Repository_Snapshot/custom_9dtact/shape-force_ros/_1_Sensor_ros.py,3828,69130368932230caf7f42d999f9521151a4dacaf4310df09fdfd49c8344fb38a,Frozen software,Preserved handover snapshot,Byte-identical to pre-portfolio snapshot; source comparison documented in VERSION_FREEZE.md.
02_Software/Final_Repository_Snapshot/custom_9dtact/shape-force_ros/_2_Shape_Reconstruction_ros.py,3398,591920196f3c2d3ab1b61e96e54e5985d03d445851aa1cf4bae319c44e7d5eac,Frozen software,Preserved handover snapshot,Byte-identical to pre-portfolio snapshot; source comparison documented in VERSION_FREEZE.md.
02_Software/Final_Repository_Snapshot/custom_9dtact/shape-force_ros/_3_Force_Estimation_ros.py,4278,a35de65b7ca72bf18c4a2b6ab52763bdc8d907ed60e222359049427a2d781e65,Frozen software,Preserved handover snapshot,Byte-identical to pre-portfolio snapshot; source comparison documented in VERSION_FREEZE.md.
02_Software/Final_Repository_Snapshot/custom_9dtact/shape-force_ros/_4_Shape_Force_ros.py,5321,69139698d23bf2e7414bfeab70078e1fc2a60005566e89f8a06b017567a99089,Frozen software,Preserved handover snapshot,Byte-identical to pre-portfolio snapshot; source comparison documented in VERSION_FREEZE.md.
02_Software/Final_Repository_Snapshot/custom_9dtact/shape-force_ros/Sequence_Comparison.py,8308,3b06bee12dcd6ea093ff2aea3c454a49beed8551dc676cebb1acc71d2a2003c0,Frozen software,Preserved handover snapshot,Byte-identical to pre-portfolio snapshot; source comparison documented in VERSION_FREEZE.md.
02_Software/Final_Repository_Snapshot/custom_9dtact/shape-force_ros/sf_visualizer.py,9282,f8a76d2f7d94fbef72a44112a95ad1f80aaeecb796bfd0e2572a65c047e9cc33,Frozen software,Preserved handover snapshot,Byte-identical to pre-portfolio snapshot; source comparison documented in VERSION_FREEZE.md.
02_Software/Final_Repository_Snapshot/custom_9dtact/shape-force_ros/shape_visualizer.py,2595,df02bf5d52e40925533966c3c2626042bd1296ba57ca400f10194e9a43200b4f,Frozen software,Preserved handover snapshot,Byte-identical to pre-portfolio snapshot; source comparison documented in VERSION_FREEZE.md.
02_Software/Final_Repository_Snapshot/custom_9dtact/shape_reconstruction/_1_Camera_Calibration.py,9316,b27606c6f25481d1b988f06a2b2b2d0f462b8f765d25c9e1b16d6d1e3f4b6cd5,Frozen software,Preserved handover snapshot,Byte-identical to pre-portfolio snapshot; source comparison documented in VERSION_FREEZE.md.
02_Software/Final_Repository_Snapshot/custom_9dtact/shape_reconstruction/_2_Sensor_Calibration.py,6557,0ab1fb61e76cbcfe1c5a74083e3e1f4d1a87dfbe3093985218fd964d45c30263,Frozen software,Preserved handover snapshot,Byte-identical to pre-portfolio snapshot; source comparison documented in VERSION_FREEZE.md.
02_Software/Final_Repository_Snapshot/custom_9dtact/shape_reconstruction/_3_Shape_Reconstruction.py,981,0718bb53722e73ec50224781fe7406c3b20728b188158bb87672213f95d64c38,Frozen software,Preserved handover snapshot,Byte-identical to pre-portfolio snapshot; source comparison documented in VERSION_FREEZE.md.
02_Software/Final_Repository_Snapshot/custom_9dtact/shape_reconstruction/__init__.py,89,fc0430e1ade030d113408954afff829be75767fea4b5df2dc8e3475abea07c3b,Frozen software,Preserved handover snapshot,Byte-identical to pre-portfolio snapshot; source comparison documented in VERSION_FREEZE.md.
02_Software/Final_Repository_Snapshot/custom_9dtact/shape_reconstruction/calibration/sensor_1/camera_calibration/.gitkeep,2,7eb70257593da06f682a3ddda54a9d260d4fc514f645237f5ca74b08f8da61a6,Frozen software,Preserved handover snapshot,Byte-identical to pre-portfolio snapshot; source comparison documented in VERSION_FREEZE.md.
02_Software/Final_Repository_Snapshot/custom_9dtact/shape_reconstruction/calibration/sensor_1/camera_calibration/col_index.npy,1228928,f3f22ccf78d15431d178ac6fabb66b44c5a390b3354fb8f485f2533f05737982,Frozen software,Preserved handover snapshot,Byte-identical to pre-portfolio snapshot; source comparison documented in VERSION_FREEZE.md.
02_Software/Final_Repository_Snapshot/custom_9dtact/shape_reconstruction/calibration/sensor_1/camera_calibration/position_scale.npy,152,15c95bf85f6da828832e20ee64da0d195427f11f96918b1795b6a3288326c118,Frozen software,Preserved handover snapshot,Byte-identical to pre-portfolio snapshot; source comparison documented in VERSION_FREEZE.md.
02_Software/Final_Repository_Snapshot/custom_9dtact/shape_reconstruction/calibration/sensor_1/camera_calibration/row_index.npy,1228928,f54090298f15e1e706256368d4b3e4308eecae751d241664b082fd61abf8c9aa,Frozen software,Preserved handover snapshot,Byte-identical to pre-portfolio snapshot; source comparison documented in VERSION_FREEZE.md.
02_Software/Final_Repository_Snapshot/custom_9dtact/shape_reconstruction/calibration/sensor_1/depth_calibration/.gitkeep,2,7eb70257593da06f682a3ddda54a9d260d4fc514f645237f5ca74b08f8da61a6,Frozen software,Preserved handover snapshot,Byte-identical to pre-portfolio snapshot; source comparison documented in VERSION_FREEZE.md.
02_Software/Final_Repository_Snapshot/custom_9dtact/shape_reconstruction/calibration/sensor_1/depth_calibration/DEPTH_CALIBRATION_SOURCE.md,1539,d28fe19ca8cb3149b103254e6da9672c5919cef7241e898b3f833c7d28d8cdbd,Frozen software,Preserved handover snapshot,Byte-identical to pre-portfolio snapshot; source comparison documented in VERSION_FREEZE.md.
02_Software/Final_Repository_Snapshot/custom_9dtact/shape_reconstruction/calibration/sensor_1/depth_calibration/Pixel_to_Depth.npy,616,19c9f3514dce402d8e710079757394b5445b74e7afbdd2459de43798676cb4ff,Frozen software,Preserved handover snapshot,Byte-identical to pre-portfolio snapshot; source comparison documented in VERSION_FREEZE.md.
02_Software/Final_Repository_Snapshot/custom_9dtact/shape_reconstruction/calibration/sensor_1/depth_calibration/rectify_crop_ref.png,50937,f222c51b6a2c59f471ecf46987dd595e45f5e9f54794316fff4247d066a5b916,Frozen software,Preserved handover snapshot,Byte-identical to pre-portfolio snapshot; source comparison documented in VERSION_FREEZE.md.
02_Software/Final_Repository_Snapshot/custom_9dtact/shape_reconstruction/calibration/sensor_1/depth_calibration/rectify_crop_sample.png,58021,f5b5b2af794bc4a3869ace23cdd100649e3d6c50dbef1e2fd526c2f284c4c8f7,Frozen software,Preserved handover snapshot,Byte-identical to pre-portfolio snapshot; source comparison documented in VERSION_FREEZE.md.
02_Software/Final_Repository_Snapshot/custom_9dtact/shape_reconstruction/calibration/sensor_1/depth_calibration/ref.png,192242,7f8deda043f509deeedcda520cdf0e64c0894919c19ae697091882c3c508a877,Frozen software,Preserved handover snapshot,Byte-identical to pre-portfolio snapshot; source comparison documented in VERSION_FREEZE.md.
02_Software/Final_Repository_Snapshot/custom_9dtact/shape_reconstruction/calibration/sensor_1/depth_calibration/sample.png,199792,23dcba3036a3a9afc968387a4bbba0a9315abea9f88e02b55d639420be70f217,Frozen software,Preserved handover snapshot,Byte-identical to pre-portfolio snapshot; source comparison documented in VERSION_FREEZE.md.
02_Software/Final_Repository_Snapshot/custom_9dtact/shape_reconstruction/calibration/sensor_1/README.md,193,34d32a3d68a45aa0a5579d9bc38667a5f307740e9f939dc5076cac4818a467fa,Frozen software,Preserved handover snapshot,Byte-identical to pre-portfolio snapshot; source comparison documented in VERSION_FREEZE.md.
02_Software/Final_Repository_Snapshot/custom_9dtact/shape_reconstruction/calibration/sensor_2/camera_calibration/.gitkeep,2,7eb70257593da06f682a3ddda54a9d260d4fc514f645237f5ca74b08f8da61a6,Frozen software,Preserved handover snapshot,Byte-identical to pre-portfolio snapshot; source comparison documented in VERSION_FREEZE.md.
02_Software/Final_Repository_Snapshot/custom_9dtact/shape_reconstruction/calibration/sensor_2/camera_calibration/col_index.npy,1228928,f3f22ccf78d15431d178ac6fabb66b44c5a390b3354fb8f485f2533f05737982,Frozen software,Preserved handover snapshot,Byte-identical to pre-portfolio snapshot; source comparison documented in VERSION_FREEZE.md.
02_Software/Final_Repository_Snapshot/custom_9dtact/shape_reconstruction/calibration/sensor_2/camera_calibration/manual_calibration_report.yaml,446,58fbceaaa05fd1877fabe2bbf03b4f2e9f8760ccc31c8451297be85b389b2c88,Frozen software,Preserved handover snapshot,Byte-identical to pre-portfolio snapshot; source comparison documented in VERSION_FREEZE.md.
02_Software/Final_Repository_Snapshot/custom_9dtact/shape_reconstruction/calibration/sensor_2/camera_calibration/manual_points.csv,1012,1504b700f489613fd441e835c611fb9e7dd69a8babe261c724792038716bd945,Frozen software,Preserved handover snapshot,Byte-identical to pre-portfolio snapshot; source comparison documented in VERSION_FREEZE.md.
02_Software/Final_Repository_Snapshot/custom_9dtact/shape_reconstruction/calibration/sensor_2/camera_calibration/manual_points.npy,1136,b03da939f19232dec2ad044eee24705a29c149dcd58692e74af2aa13719dde2e,Frozen software,Preserved handover snapshot,Byte-identical to pre-portfolio snapshot; source comparison documented in VERSION_FREEZE.md.
02_Software/Final_Repository_Snapshot/custom_9dtact/shape_reconstruction/calibration/sensor_2/camera_calibration/position_scale.npy,152,15c95bf85f6da828832e20ee64da0d195427f11f96918b1795b6a3288326c118,Frozen software,Preserved handover snapshot,Byte-identical to pre-portfolio snapshot; source comparison documented in VERSION_FREEZE.md.
02_Software/Final_Repository_Snapshot/custom_9dtact/shape_reconstruction/calibration/sensor_2/camera_calibration/ref.png,166152,4b3e6788904f57d34f1faf026ea0fda952fea6e216e19c82bae0303d3c30b822,Frozen software,Preserved handover snapshot,Byte-identical to pre-portfolio snapshot; source comparison documented in VERSION_FREEZE.md.
02_Software/Final_Repository_Snapshot/custom_9dtact/shape_reconstruction/calibration/sensor_2/camera_calibration/ref_GRAY.png,58345,1366ce5ebf094bbbbcb559b56b89d118bd024d4e7c2989dfd5267d2d1e6e976d,Frozen software,Preserved handover snapshot,Byte-identical to pre-portfolio snapshot; source comparison documented in VERSION_FREEZE.md.
02_Software/Final_Repository_Snapshot/custom_9dtact/shape_reconstruction/calibration/sensor_2/camera_calibration/row_index.npy,1228928,f54090298f15e1e706256368d4b3e4308eecae751d241664b082fd61abf8c9aa,Frozen software,Preserved handover snapshot,Byte-identical to pre-portfolio snapshot; source comparison documented in VERSION_FREEZE.md.
02_Software/Final_Repository_Snapshot/custom_9dtact/shape_reconstruction/calibration/sensor_2/camera_calibration/sample.png,176775,d5a3bf01432c261f3a4f190f988f13e572d7877816db9399936c4f903515b141,Frozen software,Preserved handover snapshot,Byte-identical to pre-portfolio snapshot; source comparison documented in VERSION_FREEZE.md.
02_Software/Final_Repository_Snapshot/custom_9dtact/shape_reconstruction/calibration/sensor_2/camera_calibration/sample_drawing.png,195341,778ac2daf94ffe22be980a05dc92c859265e46699762208a6d8b6c0ad4af1de4,Frozen software,Preserved handover snapshot,Byte-identical to pre-portfolio snapshot; source comparison documented in VERSION_FREEZE.md.
02_Software/Final_Repository_Snapshot/custom_9dtact/shape_reconstruction/calibration/sensor_2/camera_calibration/sample_drawing_manual.png,195341,778ac2daf94ffe22be980a05dc92c859265e46699762208a6d8b6c0ad4af1de4,Frozen software,Preserved handover snapshot,Byte-identical to pre-portfolio snapshot; source comparison documented in VERSION_FREEZE.md.
02_Software/Final_Repository_Snapshot/custom_9dtact/shape_reconstruction/calibration/sensor_2/camera_calibration/sample_drawing_new.png,142814,4154cbb71f503a5d181e6ae3d11556aae6276f5793cd0cc18a6765325816e864,Frozen software,Preserved handover snapshot,Byte-identical to pre-portfolio snapshot; source comparison documented in VERSION_FREEZE.md.
02_Software/Final_Repository_Snapshot/custom_9dtact/shape_reconstruction/calibration/sensor_2/camera_calibration/sample_drawing_new_crop.png,103068,5868aa24f303bc0a7c126bf13ba1629c3a9651890cd2dace788013533fe57982,Frozen software,Preserved handover snapshot,Byte-identical to pre-portfolio snapshot; source comparison documented in VERSION_FREEZE.md.
02_Software/Final_Repository_Snapshot/custom_9dtact/shape_reconstruction/calibration/sensor_2/camera_calibration/sample_drawing_new_crop_manual.png,103068,5868aa24f303bc0a7c126bf13ba1629c3a9651890cd2dace788013533fe57982,Frozen software,Preserved handover snapshot,Byte-identical to pre-portfolio snapshot; source comparison documented in VERSION_FREEZE.md.
02_Software/Final_Repository_Snapshot/custom_9dtact/shape_reconstruction/calibration/sensor_2/camera_calibration/sample_GRAY.png,62552,04aeb49f23b82302d1d8cc372eb60d5cfe350c5361939079dd2703b542cfa85f,Frozen software,Preserved handover snapshot,Byte-identical to pre-portfolio snapshot; source comparison documented in VERSION_FREEZE.md.
02_Software/Final_Repository_Snapshot/custom_9dtact/shape_reconstruction/calibration/sensor_2/camera_calibration/sample_new.png,125813,8a1c053b8d698aa1209cd179633a2af2d8ebf3ba36b9e83c1fb8e740fa4ce31c,Frozen software,Preserved handover snapshot,Byte-identical to pre-portfolio snapshot; source comparison documented in VERSION_FREEZE.md.
02_Software/Final_Repository_Snapshot/custom_9dtact/shape_reconstruction/calibration/sensor_2/camera_calibration/sample_new_crop.png,87178,5fda8990fd22a298790cb0cc6bbe0e37512234386096614a1a986261d87701a2,Frozen software,Preserved handover snapshot,Byte-identical to pre-portfolio snapshot; source comparison documented in VERSION_FREEZE.md.
02_Software/Final_Repository_Snapshot/custom_9dtact/shape_reconstruction/calibration/sensor_2/depth_calibration/.gitkeep,2,7eb70257593da06f682a3ddda54a9d260d4fc514f645237f5ca74b08f8da61a6,Frozen software,Preserved handover snapshot,Byte-identical to pre-portfolio snapshot; source comparison documented in VERSION_FREEZE.md.
02_Software/Final_Repository_Snapshot/custom_9dtact/shape_reconstruction/calibration/sensor_2/depth_calibration/DEPTH_CALIBRATION_SOURCE.md,1539,5408cc186ba4805130e6a17f6e922f29c865791f3761f8a194e0ad997cceb691,Frozen software,Preserved handover snapshot,Byte-identical to pre-portfolio snapshot; source comparison documented in VERSION_FREEZE.md.
02_Software/Final_Repository_Snapshot/custom_9dtact/shape_reconstruction/calibration/sensor_2/depth_calibration/Pixel_to_Depth.npy,616,19c9f3514dce402d8e710079757394b5445b74e7afbdd2459de43798676cb4ff,Frozen software,Preserved handover snapshot,Byte-identical to pre-portfolio snapshot; source comparison documented in VERSION_FREEZE.md.
02_Software/Final_Repository_Snapshot/custom_9dtact/shape_reconstruction/calibration/sensor_2/depth_calibration/rectify_crop_ref.png,79538,e9a4694c1b911850fc034ec6762fce11e88dffee1c9797e4205c58d735ba2fa6,Frozen software,Preserved handover snapshot,Byte-identical to pre-portfolio snapshot; source comparison documented in VERSION_FREEZE.md.
02_Software/Final_Repository_Snapshot/custom_9dtact/shape_reconstruction/calibration/sensor_2/depth_calibration/rectify_crop_sample.png,82432,3dd6dc1b6ea5d816b9355780df05e70c30f98d7349a0337eaff17eee9331309b,Frozen software,Preserved handover snapshot,Byte-identical to pre-portfolio snapshot; source comparison documented in VERSION_FREEZE.md.
02_Software/Final_Repository_Snapshot/custom_9dtact/shape_reconstruction/calibration/sensor_2/depth_calibration/ref.png,251148,3fe1f3a307ce45b08fd5fd9c033aa9a47c6e8eecb39a7ca1817e2a3aef6d86a0,Frozen software,Preserved handover snapshot,Byte-identical to pre-portfolio snapshot; source comparison documented in VERSION_FREEZE.md.
02_Software/Final_Repository_Snapshot/custom_9dtact/shape_reconstruction/calibration/sensor_2/depth_calibration/sample.png,253993,da8d6cec8374a6943e000a693a005579bd08b1f8ccb744d4340f6b0605297fd6,Frozen software,Preserved handover snapshot,Byte-identical to pre-portfolio snapshot; source comparison documented in VERSION_FREEZE.md.
02_Software/Final_Repository_Snapshot/custom_9dtact/shape_reconstruction/calibration/sensor_2/README.md,193,dc1b4f5ce21c21343970b2dcecd53847d5dce2f9226edffe1f96e9a785f4cb78,Frozen software,Preserved handover snapshot,Byte-identical to pre-portfolio snapshot; source comparison documented in VERSION_FREEZE.md.
02_Software/Final_Repository_Snapshot/custom_9dtact/shape_reconstruction/camera.py,6436,05484b23bdb93150e4b807dee031a6af3c325d237bff33b3599b1b75f4204c83,Frozen software,Preserved handover snapshot,Byte-identical to pre-portfolio snapshot; source comparison documented in VERSION_FREEZE.md.
02_Software/Final_Repository_Snapshot/custom_9dtact/shape_reconstruction/manual_camera_calibration_v2.py,30656,0511f4688f6cc5b9e9d721596af9660d736dbc4c6d1e73869ab5df7d861bcf75,Frozen software,Preserved handover snapshot,Byte-identical to pre-portfolio snapshot; source comparison documented in VERSION_FREEZE.md.
02_Software/Final_Repository_Snapshot/custom_9dtact/shape_reconstruction/sensor.py,6878,a4fb8fe3cddb731c5e84dfd6259054adb9d4f6e60c56e9e525f81c73c59dd9f5,Frozen software,Preserved handover snapshot,Byte-identical to pre-portfolio snapshot; source comparison documented in VERSION_FREEZE.md.
02_Software/Final_Repository_Snapshot/custom_9dtact/shape_reconstruction/sensor_obj/black_base.obj,13483,70459f5d06ca37c13e1cabfc61557ff9ab1c74d9b36ae0dd6af53fa9b3ffb902,Frozen software,Preserved handover snapshot,Byte-identical to pre-portfolio snapshot; source comparison documented in VERSION_FREEZE.md.
02_Software/Final_Repository_Snapshot/custom_9dtact/shape_reconstruction/sensor_obj/black_contact.obj,16051,82ed438cd8da2a9c96cfa0fc06daa21dfa0f6cf3b4752ca8ad0f41a2cb6c5761,Frozen software,Preserved handover snapshot,Byte-identical to pre-portfolio snapshot; source comparison documented in VERSION_FREEZE.md.
02_Software/Final_Repository_Snapshot/custom_9dtact/shape_reconstruction/sensor_obj/white_shell.obj,13512,f8c43fefa1813a8870b9139a0efc3b4e79a0185d54d07ad7de33bfea25931d27,Frozen software,Preserved handover snapshot,Byte-identical to pre-portfolio snapshot; source comparison documented in VERSION_FREEZE.md.
02_Software/Final_Repository_Snapshot/custom_9dtact/shape_reconstruction/visualizer.py,2526,2f373653260067b6153181fb7ced87c1a6ac3ab3aa3937f5caddb5104a88a1c9,Frozen software,Preserved handover snapshot,Byte-identical to pre-portfolio snapshot; source comparison documented in VERSION_FREEZE.md.
02_Software/Final_Repository_Snapshot/custom_9dtact/source/design.jpeg,1005281,aea303293c20c13238a49981b36f619fa4ef87fb816a44deb391c26892a7812e,Frozen software,Preserved handover snapshot,Byte-identical to pre-portfolio snapshot; source comparison documented in VERSION_FREEZE.md.
02_Software/Final_Repository_Snapshot/custom_9dtact/source/pipelie.png,7269211,1cb135688caf7bc81b709922de94390b3a1e7dba94a2c49c79a647f8dcc665ea,Frozen software,Preserved handover snapshot,Byte-identical to pre-portfolio snapshot; source comparison documented in VERSION_FREEZE.md.
02_Software/Final_Repository_Snapshot/custom_9dtact/source/Poster.png,11379539,2c2fd71ece357ee9a9585a834f5a224f6b65f842918de1e3dfb6ccae55ce1b50,Frozen software,Preserved handover snapshot,Byte-identical to pre-portfolio snapshot; source comparison documented in VERSION_FREEZE.md.
02_Software/Final_Repository_Snapshot/custom_9dtact/tests/test_ft300_dataset_paths.py,7508,bc7dca2b032f38d079061743fe0a76765499806063c144fc06208d6ca7df45b3,Frozen software,Preserved handover snapshot,Byte-identical to pre-portfolio snapshot; source comparison documented in VERSION_FREEZE.md.
02_Software/Final_Repository_Snapshot/custom_9dtact/tests/test_ft300_source_contracts.py,4881,8adb5d9e0864db62ace98aae17aaa62aa7d6ad6c1cc6568f6785ed7529083548,Frozen software,Preserved handover snapshot,Byte-identical to pre-portfolio snapshot; source comparison documented in VERSION_FREEZE.md.
02_Software/Final_Repository_Snapshot/custom_9dtact/tests/test_ft300_wrench.py,8282,b91743585593d50f8fd83a1b2ae610b567b36480c39524ed302d996a34e3588f,Frozen software,Preserved handover snapshot,Byte-identical to pre-portfolio snapshot; source comparison documented in VERSION_FREEZE.md.
02_Software/Final_Repository_Snapshot/custom_9dtact/tests/test_manual_camera_calibration_v2_contract.py,1305,f5130ebdfe3dbd5bc952f404d42c768cf90585baca62ac3bb516c1c87ba19e9b,Frozen software,Preserved handover snapshot,Byte-identical to pre-portfolio snapshot; source comparison documented in VERSION_FREEZE.md.
02_Software/Final_Repository_Snapshot/custom_9dtact/tools/activate_sensor.py,3368,cde8177542ef43de548cf334b3f671e29389a1fc8aeb7fc4fa413fc5cc63df63,Frozen software,Preserved handover snapshot,Byte-identical to pre-portfolio snapshot; source comparison documented in VERSION_FREEZE.md.
02_Software/Final_Repository_Snapshot/custom_9dtact/tools/activate_sensor_1.ps1,161,716d15c715416823eedbd49ef0e671a153d81b847398ec66cf6a9d3b44243efe,Frozen software,Preserved handover snapshot,Byte-identical to pre-portfolio snapshot; source comparison documented in VERSION_FREEZE.md.
02_Software/Final_Repository_Snapshot/custom_9dtact/tools/activate_sensor_1.sh,158,efd768a90132e93dd4ec0851ee3491a2fefce3a4a4bddb601d5e20a3b10ebab8,Frozen software,Preserved handover snapshot,Byte-identical to pre-portfolio snapshot; source comparison documented in VERSION_FREEZE.md.
02_Software/Final_Repository_Snapshot/custom_9dtact/tools/activate_sensor_2.ps1,161,171165a2b70d2681948dca2af001a12ad5c582cf0706e2d31cf23307db2f2d82,Frozen software,Preserved handover snapshot,Byte-identical to pre-portfolio snapshot; source comparison documented in VERSION_FREEZE.md.
02_Software/Final_Repository_Snapshot/custom_9dtact/tools/activate_sensor_2.sh,158,e0181198bdb347f36495c1fc1111734b6aa7a32f4f9f35041720dd42bcd094d9,Frozen software,Preserved handover snapshot,Byte-identical to pre-portfolio snapshot; source comparison documented in VERSION_FREEZE.md.
02_Software/Final_Repository_Snapshot/custom_9dtact/tools/check_dataset_integrity.py,14164,5439ec7dcb207b93344a752c80e0f72c1c4232c01c14aa751c6a57ddc1ff2a79,Frozen software,Preserved handover snapshot,Byte-identical to pre-portfolio snapshot; source comparison documented in VERSION_FREEZE.md.
02_Software/Final_Repository_Snapshot/custom_9dtact/tools/check_ft300_topic.py,5808,25af210e9ef68ed87e23469599d930510fd2dcf6aebaff1e2a7657f7792b9775,Frozen software,Preserved handover snapshot,Byte-identical to pre-portfolio snapshot; source comparison documented in VERSION_FREEZE.md.
02_Software/Final_Repository_Snapshot/custom_9dtact/tools/check_sensor_setup.py,8172,c4dcbf9a2cb233e28176a5d5a913cd366b41fb81116a573483fb5aaa800b20e7,Frozen software,Preserved handover snapshot,Byte-identical to pre-portfolio snapshot; source comparison documented in VERSION_FREEZE.md.
02_Software/Final_Repository_Snapshot/custom_9dtact/tools/prepare_training_bundle.py,9859,d49ea415f8bdc6ef3f039cd2ef68d5bed97fa791165113b535901bfb21e5f4ed,Frozen software,Preserved handover snapshot,Byte-identical to pre-portfolio snapshot; source comparison documented in VERSION_FREEZE.md.
02_Software/Final_Repository_Snapshot/custom_9dtact/tools/verify_hybrid_calibration.py,11999,55f764ec858a135ef8a68199d8086abd3341866ccefe37ecbef4db8e58edbc0b,Frozen software,Preserved handover snapshot,Byte-identical to pre-portfolio snapshot; source comparison documented in VERSION_FREEZE.md.
02_Software/Final_Repository_Snapshot/docs/00_PROJECT_OVERVIEW.md,4738,16754f37ead5935c19c87b1e7cfb8ccdf3090ffe20a2a52e6c8820baf8196535,Frozen software,Preserved handover snapshot,Byte-identical to pre-portfolio snapshot; source comparison documented in VERSION_FREEZE.md.
02_Software/Final_Repository_Snapshot/docs/01_INSTALLATION_UBUNTU20.md,5222,3874a485e2ea0e58dbb2d7c507c87873b47f24e85798c9d8552b3cd6de9a999f,Frozen software,Preserved handover snapshot,Byte-identical to pre-portfolio snapshot; source comparison documented in VERSION_FREEZE.md.
02_Software/Final_Repository_Snapshot/docs/02_SENSOR_CONFIGURATION.md,3647,e2be41991b757956b3e294d4b34ea99456cc66e143fe5aa11f9c5fcf79ebc310,Frozen software,Preserved handover snapshot,Byte-identical to pre-portfolio snapshot; source comparison documented in VERSION_FREEZE.md.
02_Software/Final_Repository_Snapshot/docs/03_CAMERA_CALIBRATION.md,4952,a038a7d2eb304ea1b18e3b29e4aed7dff2e48d6b8e5cee9b55430fa93021bda2,Frozen software,Preserved handover snapshot,Byte-identical to pre-portfolio snapshot; source comparison documented in VERSION_FREEZE.md.
02_Software/Final_Repository_Snapshot/docs/04_SENSOR_CALIBRATION.md,4219,5827e4380fb78b2be5e15f82536ed7ce5867aa4fd7eeae43c2c3116efe83f16f,Frozen software,Preserved handover snapshot,Byte-identical to pre-portfolio snapshot; source comparison documented in VERSION_FREEZE.md.
02_Software/Final_Repository_Snapshot/docs/05_SHAPE_RECONSTRUCTION.md,3886,f4532acd742383a30854a13a097dfdcc6691cc3b1c348d9393a5b834fc89cdd6,Frozen software,Preserved handover snapshot,Byte-identical to pre-portfolio snapshot; source comparison documented in VERSION_FREEZE.md.
02_Software/Final_Repository_Snapshot/docs/06_FT300_SETUP.md,4111,bfbd1524fed4b3ac34f81df1e569d09ada2c5104ca8c7045c2d2989b85dfffde,Frozen software,Preserved handover snapshot,Byte-identical to pre-portfolio snapshot; source comparison documented in VERSION_FREEZE.md.
02_Software/Final_Repository_Snapshot/docs/07_DATA_COLLECTION.md,4143,350a9b8d1344774c915c0e54306f36f78466255da0db69ef6b79e84f123425e1,Frozen software,Preserved handover snapshot,Byte-identical to pre-portfolio snapshot; source comparison documented in VERSION_FREEZE.md.
02_Software/Final_Repository_Snapshot/docs/08_DATA_PROCESSING.md,4138,de8b11811de53dcbb889e6057430492bc30a14b0241f37bb2bb14c392c80bc3a,Frozen software,Preserved handover snapshot,Byte-identical to pre-portfolio snapshot; source comparison documented in VERSION_FREEZE.md.
02_Software/Final_Repository_Snapshot/docs/09_MODEL_TRAINING.md,4935,fe192bb824a6b9d99f4e11fc7882d654da45cecbe1e0401c179d12c37d15f0b0,Frozen software,Preserved handover snapshot,Byte-identical to pre-portfolio snapshot; source comparison documented in VERSION_FREEZE.md.
02_Software/Final_Repository_Snapshot/docs/10_FORCE_ESTIMATION.md,5114,77cb72069dbf11cfe07dce1f5e538a0e7c35c62920303bdc8877d0af113f2f2d,Frozen software,Preserved handover snapshot,Byte-identical to pre-portfolio snapshot; source comparison documented in VERSION_FREEZE.md.
02_Software/Final_Repository_Snapshot/docs/11_ROS_WORKFLOW.md,5414,05593b5bc02d698852cbc976eb5dc706e8b76da8430f1d2cdcdb766cbf14efb8,Frozen software,Preserved handover snapshot,Byte-identical to pre-portfolio snapshot; source comparison documented in VERSION_FREEZE.md.
02_Software/Final_Repository_Snapshot/docs/12_TROUBLESHOOTING.md,6394,e0c0da5fc941794037c112914482914cfc42f862554449406fd22cf13fce474b,Frozen software,Preserved handover snapshot,Byte-identical to pre-portfolio snapshot; source comparison documented in VERSION_FREEZE.md.
02_Software/Final_Repository_Snapshot/docs/13_PROJECT_TREE.md,4656,a6e9e1a644c04ae951f82f5ed96e9d6416351f4b117d2a528ccfc79c67c66d3d,Frozen software,Preserved handover snapshot,Byte-identical to pre-portfolio snapshot; source comparison documented in VERSION_FREEZE.md.
02_Software/Final_Repository_Snapshot/docs/archive/migration/MIGRATION_REPORT.md,2536,698348973ce576082267bfafca28aada748380814f50068f24809faa7875fd19,Frozen software,Preserved handover snapshot,Byte-identical to pre-portfolio snapshot; source comparison documented in VERSION_FREEZE.md.
02_Software/Final_Repository_Snapshot/docs/archive/migration/ORIGINAL_MANIFEST_AFTER.csv,19413,791be7236209a7f89fb0afaa947c96bd9e99624f60fbea39ae322e76edfd7393,Frozen software,Preserved handover snapshot,Byte-identical to pre-portfolio snapshot; source comparison documented in VERSION_FREEZE.md.
02_Software/Final_Repository_Snapshot/docs/archive/migration/ORIGINAL_MANIFEST_BEFORE.csv,19413,791be7236209a7f89fb0afaa947c96bd9e99624f60fbea39ae322e76edfd7393,Frozen software,Preserved handover snapshot,Byte-identical to pre-portfolio snapshot; source comparison documented in VERSION_FREEZE.md.
02_Software/Final_Repository_Snapshot/docs/compute_workflow.md,536,71cb0b398070cb48e3235724399c6fa8ac9ef21e004358deed6977eaf8a2abe4,Frozen software,Preserved handover snapshot,Byte-identical to pre-portfolio snapshot; source comparison documented in VERSION_FREEZE.md.
02_Software/Final_Repository_Snapshot/docs/dual_sensor_workflow.md,592,3b7df3bb514d84f81453bb71fe6eaae4186b392da8c8a1229a98487e7638285d,Frozen software,Preserved handover snapshot,Byte-identical to pre-portfolio snapshot; source comparison documented in VERSION_FREEZE.md.
02_Software/Final_Repository_Snapshot/docs/environment_setup.md,358,b15bde7b5f1ae06bdba340dd5cc5efd462b70291ad17a6fb8624bb7ed0dd7990,Frozen software,Preserved handover snapshot,Byte-identical to pre-portfolio snapshot; source comparison documented in VERSION_FREEZE.md.
02_Software/Final_Repository_Snapshot/docs/github_maintenance.md,548,0b97e72f31d23673933061bcf347e22ff2a6aef28567c6491bfcb5cd3162e596,Frozen software,Preserved handover snapshot,Byte-identical to pre-portfolio snapshot; source comparison documented in VERSION_FREEZE.md.
02_Software/Final_Repository_Snapshot/docs/ORIGINAL_DEPTH_LUT_EXPERIMENT_2026-07-25.md,7014,e5ecad697cd041b07368fbe83cf943ae1f82ff24992359a1c4574e89a8e22b3d,Frozen software,Preserved handover snapshot,Byte-identical to pre-portfolio snapshot; source comparison documented in VERSION_FREEZE.md.
02_Software/Final_Repository_Snapshot/docs/README.md,1096,218f39040bbd161373e394f6074a77860366cfba2a8a53b097fbabd833a7f254,Frozen software,Preserved handover snapshot,Byte-identical to pre-portfolio snapshot; source comparison documented in VERSION_FREEZE.md.
02_Software/Final_Repository_Snapshot/FINAL_AUDIT_REPORT.md,7572,e59a9957ffeb7cac3317d8caf312c14fa62b4b680352697c3211271d13c6016f,Frozen software,Preserved handover snapshot,Byte-identical to pre-portfolio snapshot; source comparison documented in VERSION_FREEZE.md.
02_Software/Final_Repository_Snapshot/LICENSE,1089,6d8aa6d9f1915d064da185e950809a41426e337cdc824fd48b317759f2805c23,Frozen software,Preserved handover snapshot,Byte-identical to pre-portfolio snapshot; source comparison documented in VERSION_FREEZE.md.
02_Software/Final_Repository_Snapshot/NOTICE.md,876,190fe78b5ec5e0f9123d92f19d0440e06ac7c7a07fbef5ca97fae0080478471a,Frozen software,Preserved handover snapshot,Byte-identical to pre-portfolio snapshot; source comparison documented in VERSION_FREEZE.md.
02_Software/Final_Repository_Snapshot/Original/9DTact_Design/1_Perception_Module/1_Perception_Module.SLDASM,4286097,4c56b81968351024370837595d57f4c075a90e7a6f6d8f12787690e6b5bcd0a1,Frozen software,Preserved handover snapshot,Byte-identical to pre-portfolio snapshot; source comparison documented in VERSION_FREEZE.md.
02_Software/Final_Repository_Snapshot/Original/9DTact_Design/1_Perception_Module/camera(frank-s15-v1.0).SLDPRT,343606,8aa6504418d19a993a39b3f90cfc9fc610d2f2bb4ada67000cdb954e20444824,Frozen software,Preserved handover snapshot,Byte-identical to pre-portfolio snapshot; source comparison documented in VERSION_FREEZE.md.
02_Software/Final_Repository_Snapshot/Original/9DTact_Design/1_Perception_Module/led_board.SLDPRT,9043570,51a67ebfa637101d73dc0213186d70dd143787c76f4d0b832dd91c5fdc51b58b,Frozen software,Preserved handover snapshot,Byte-identical to pre-portfolio snapshot; source comparison documented in VERSION_FREEZE.md.
02_Software/Final_Repository_Snapshot/Original/9DTact_Design/1_Perception_Module/nut(2-3-5).SLDPRT,3752253,75a69ef6de5d4a2feb6f06fa71e81186f0f55d212da590c057cc374460a53010,Frozen software,Preserved handover snapshot,Byte-identical to pre-portfolio snapshot; source comparison documented in VERSION_FREEZE.md.
02_Software/Final_Repository_Snapshot/Original/9DTact_Design/1_Perception_Module/screw(M2-5).SLDPRT,730659,a7c312868ff03ee7248fb76aa5ce723dcc9f00c2a0145702647a1287284fc121,Frozen software,Preserved handover snapshot,Byte-identical to pre-portfolio snapshot; source comparison documented in VERSION_FREEZE.md.
02_Software/Final_Repository_Snapshot/Original/9DTact_Design/1_Perception_Module/sensor_base.SLDPRT,752310,a2fc0b3d9ff4aaafbb7fcdd47db0363909f6952776f1baa2c03d6d212b438ae7,Frozen software,Preserved handover snapshot,Byte-identical to pre-portfolio snapshot; source comparison documented in VERSION_FREEZE.md.
02_Software/Final_Repository_Snapshot/Original/9DTact_Design/2_Diffusion_Module/2_Diffusion_Module.SLDASM,1522559,d07920c2ec163a01b091bf42c85414612425b57acf0be1ae8b0b9c8ca4ec3297,Frozen software,Preserved handover snapshot,Byte-identical to pre-portfolio snapshot; source comparison documented in VERSION_FREEZE.md.
02_Software/Final_Repository_Snapshot/Original/9DTact_Design/2_Diffusion_Module/acrylic_window.SLDPRT,113710,db339570dd11e936abc3d00144f940362a76a9457c7bd763cb6525b1a5ffe8ac,Frozen software,Preserved handover snapshot,Byte-identical to pre-portfolio snapshot; source comparison documented in VERSION_FREEZE.md.
02_Software/Final_Repository_Snapshot/Original/9DTact_Design/2_Diffusion_Module/isolation_ring.SLDPRT,428666,ea57e9d43094f71fde8e520f46240cf10dd2b9270f3f743cf5d25ca738db4c79,Frozen software,Preserved handover snapshot,Byte-identical to pre-portfolio snapshot; source comparison documented in VERSION_FREEZE.md.
02_Software/Final_Repository_Snapshot/Original/9DTact_Design/2_Diffusion_Module/sensor_shell.SLDPRT,525327,377cf94e29897e339cfcb88a05c7af43bb9fbdc5b41449c734e96227531ab762,Frozen software,Preserved handover snapshot,Byte-identical to pre-portfolio snapshot; source comparison documented in VERSION_FREEZE.md.
02_Software/Final_Repository_Snapshot/Original/9DTact_Design/2_Diffusion_Module/transparent_gel.SLDPRT,114642,20b0f263cf87dd58b68fa81586a982ef29325165eef1735f33078aac5df34e0d,Frozen software,Preserved handover snapshot,Byte-identical to pre-portfolio snapshot; source comparison documented in VERSION_FREEZE.md.
02_Software/Final_Repository_Snapshot/Original/9DTact_Design/3_Contact_Module/3_Contact_Module.SLDASM,79342,519a46e6f41c7528cddb4e75166957ccf67e023ad181604d6b3dcd4fa35b5075,Frozen software,Preserved handover snapshot,Byte-identical to pre-portfolio snapshot; source comparison documented in VERSION_FREEZE.md.
02_Software/Final_Repository_Snapshot/Original/9DTact_Design/3_Contact_Module/black_gel.SLDPRT,103052,f39414d8487955765419f626f94637231461cbd12b71adfe5d13dc66df1c2084,Frozen software,Preserved handover snapshot,Byte-identical to pre-portfolio snapshot; source comparison documented in VERSION_FREEZE.md.
02_Software/Final_Repository_Snapshot/Original/9DTact_Design/3_Contact_Module/translucent_gel.SLDPRT,89667,5267667f083b0a46dee866d4ad6a23fa8908d91d60141edc5541175011b9dd63,Frozen software,Preserved handover snapshot,Byte-identical to pre-portfolio snapshot; source comparison documented in VERSION_FREEZE.md.
02_Software/Final_Repository_Snapshot/Original/9DTact_Design/9DTact.SLDASM,4247485,dea830454be6269220effbfacffe737b84da6817ce36c4589ac9ab5720ac4534,Frozen software,Preserved handover snapshot,Byte-identical to pre-portfolio snapshot; source comparison documented in VERSION_FREEZE.md.
02_Software/Final_Repository_Snapshot/Original/9DTact_Design/9DTact.SLDPRT,26138191,f3b1055f841f065333f7c8f3c167e6888185d4f68c868e4274ab4b7b61831279,Frozen software,Preserved handover snapshot,Byte-identical to pre-portfolio snapshot; source comparison documented in VERSION_FREEZE.md.
02_Software/Final_Repository_Snapshot/Original/9DTact_Design/9DTact.STL,34529434,974ce396bbfc2de5a4f7e25ce0635b1f518ca66572483dbc3fcde1cc6c7bea6c,Frozen software,Preserved handover snapshot,Byte-identical to pre-portfolio snapshot; source comparison documented in VERSION_FREEZE.md.
02_Software/Final_Repository_Snapshot/Original/9DTact_Design/fabrication/calibration_board.SLDPRT,363089,20e574592fc46801cc4254c495c2424cd15390290423e8ea4e59f9d99efb9ada,Frozen software,Preserved handover snapshot,Byte-identical to pre-portfolio snapshot; source comparison documented in VERSION_FREEZE.md.
02_Software/Final_Repository_Snapshot/Original/9DTact_Design/fabrication/calibration_board.STEP,547151,c9b6d024eab39b6604b3ab68b0c4d2fd5e4476c6e5243ba8d9f659afb96379c3,Frozen software,Preserved handover snapshot,Byte-identical to pre-portfolio snapshot; source comparison documented in VERSION_FREEZE.md.
02_Software/Final_Repository_Snapshot/Original/9DTact_Design/fabrication/calibration_board.STL,2299684,f9717c9311eace0419dd79b1ceb2568b782a202d650b9c751e64352bbf563d14,Frozen software,Preserved handover snapshot,Byte-identical to pre-portfolio snapshot; source comparison documented in VERSION_FREEZE.md.
02_Software/Final_Repository_Snapshot/Original/9DTact_Design/fabrication/isolation_ring.STEP,27533,ac109984ac7e736566a54584a9ac4d011a0ecf6f7f593df67033a4b1e6778f95,Frozen software,Preserved handover snapshot,Byte-identical to pre-portfolio snapshot; source comparison documented in VERSION_FREEZE.md.
02_Software/Final_Repository_Snapshot/Original/9DTact_Design/fabrication/isolation_ring.STL,29684,ed9c7226e91143e195e82872a19451facfbeddfa37016c95677414acb82b85ed,Frozen software,Preserved handover snapshot,Byte-identical to pre-portfolio snapshot; source comparison documented in VERSION_FREEZE.md.
02_Software/Final_Repository_Snapshot/Original/9DTact_Design/fabrication/mold_1_thickness_2.5mm.DXF,24585,a053525dffaaa5e7b4275b96d7cb3040b0e80109c133829c42119d9a5bdd1f26,Frozen software,Preserved handover snapshot,Byte-identical to pre-portfolio snapshot; source comparison documented in VERSION_FREEZE.md.
02_Software/Final_Repository_Snapshot/Original/9DTact_Design/fabrication/mold_2_thickness_2.8mm.DXF,24629,7bc1ec2442a1a373e37d3a3bfa4e78813261f049f07bbaec95d9cf4a0e43cce5,Frozen software,Preserved handover snapshot,Byte-identical to pre-portfolio snapshot; source comparison documented in VERSION_FREEZE.md.
02_Software/Final_Repository_Snapshot/Original/9DTact_Design/fabrication/mold_base_thickness_3.0mm.DXF,23760,490f7991ee3e825d8d20643dafd72fbea6b572dcd5f2740d5edcea149fc17a3d,Frozen software,Preserved handover snapshot,Byte-identical to pre-portfolio snapshot; source comparison documented in VERSION_FREEZE.md.
02_Software/Final_Repository_Snapshot/Original/9DTact_Design/fabrication/sensor_base.STEP,236206,04892ec46eec544f5d149711f2758f964eaa3bbd930216e3d3ecb2f035c57ee0,Frozen software,Preserved handover snapshot,Byte-identical to pre-portfolio snapshot; source comparison documented in VERSION_FREEZE.md.
02_Software/Final_Repository_Snapshot/Original/9DTact_Design/fabrication/sensor_base.STL,356884,02983b81710af51605728494547e2620ec7219731955de4e62449109da1a682c,Frozen software,Preserved handover snapshot,Byte-identical to pre-portfolio snapshot; source comparison documented in VERSION_FREEZE.md.
02_Software/Final_Repository_Snapshot/Original/9DTact_Design/fabrication/sensor_shell.STEP,178632,90f6b8c40eb7b03c187dec4f5136d98badcdf107da2ddb3853e05de2544cac31,Frozen software,Preserved handover snapshot,Byte-identical to pre-portfolio snapshot; source comparison documented in VERSION_FREEZE.md.
02_Software/Final_Repository_Snapshot/Original/9DTact_Design/fabrication/sensor_shell.STL,140784,e3fda7f588773d291afe131944dd01e5e729d16bfd987390ae826144dfe8d90e,Frozen software,Preserved handover snapshot,Byte-identical to pre-portfolio snapshot; source comparison documented in VERSION_FREEZE.md.
02_Software/Final_Repository_Snapshot/Original/9DTact_Design/LED_PCB/9DTact_LED_ProEAD.epro,145279,3e5f3be8f51f0324e4d727af5a39e0d74a63afd5c6cd0d8bf54e75eb2756df3c,Frozen software,Preserved handover snapshot,Byte-identical to pre-portfolio snapshot; source comparison documented in VERSION_FREEZE.md.
02_Software/Final_Repository_Snapshot/Original/9DTact_Design/LED_PCB/BOM_LED-PCB_2024-08-18.xlsx,7152,17d79c93ef6d8cb6d7491cbfa933d972dbbd88575ff4919e45f962d60aa950c0,Frozen software,Preserved handover snapshot,Byte-identical to pre-portfolio snapshot; source comparison documented in VERSION_FREEZE.md.
02_Software/Final_Repository_Snapshot/Original/9DTact_Design/LED_PCB/Gerber_LED-PCB_2024-08-18/Drill_NPTH_Through.DRL,338,9965aa1136f4cb5ac80dafac53c6496087444326eb73381d5eb70e5a875ab22d,Frozen software,Preserved handover snapshot,Byte-identical to pre-portfolio snapshot; source comparison documented in VERSION_FREEZE.md.
02_Software/Final_Repository_Snapshot/Original/9DTact_Design/LED_PCB/Gerber_LED-PCB_2024-08-18/Drill_PTH_Through.DRL,492,42b0884683508b7f2e6b5588de9b8c8e7d284060902a0902056ed4d419d51fc1,Frozen software,Preserved handover snapshot,Byte-identical to pre-portfolio snapshot; source comparison documented in VERSION_FREEZE.md.
02_Software/Final_Repository_Snapshot/Original/9DTact_Design/LED_PCB/Gerber_LED-PCB_2024-08-18/Drill_PTH_Through_Via.DRL,373,115fe549ab64d2e1b9f2ff3f3b0872a4def3f21d3cad2f4a96e9d3c09e1f15a2,Frozen software,Preserved handover snapshot,Byte-identical to pre-portfolio snapshot; source comparison documented in VERSION_FREEZE.md.
02_Software/Final_Repository_Snapshot/Original/9DTact_Design/LED_PCB/Gerber_LED-PCB_2024-08-18/Fabrication_ColorfulBoardOutlineLayer.FCBO,2007,d9314bd8b2b6fd8b413287b78fc69f45622a90ce27f1ad585e1ae44a13b36891,Frozen software,Preserved handover snapshot,Byte-identical to pre-portfolio snapshot; source comparison documented in VERSION_FREEZE.md.
02_Software/Final_Repository_Snapshot/Original/9DTact_Design/LED_PCB/Gerber_LED-PCB_2024-08-18/Fabrication_ColorfulBoardOutlineMark.FCBM,1082,af2c402484c14e7c7836d470f9db3e37449e5b62e682348d4d63d493441b635c,Frozen software,Preserved handover snapshot,Byte-identical to pre-portfolio snapshot; source comparison documented in VERSION_FREEZE.md.
02_Software/Final_Repository_Snapshot/Original/9DTact_Design/LED_PCB/Gerber_LED-PCB_2024-08-18/Fabrication_ColorfulBottomSilkscreen.FCBS,45935,4ff8be99b0a2f98289a48eb120edf0058ed54768ef1a931d6368c308adcaf0b1,Frozen software,Preserved handover snapshot,Byte-identical to pre-portfolio snapshot; source comparison documented in VERSION_FREEZE.md.
02_Software/Final_Repository_Snapshot/Original/9DTact_Design/LED_PCB/Gerber_LED-PCB_2024-08-18/Fabrication_ColorfulTopSilkscreen.FCTS,23178,778a03a92e5b8f25aea7b7b4c2a7a1c9eaa3a58dbfda85b5d23b1fc368bd6e62,Frozen software,Preserved handover snapshot,Byte-identical to pre-portfolio snapshot; source comparison documented in VERSION_FREEZE.md.
02_Software/Final_Repository_Snapshot/Original/9DTact_Design/LED_PCB/Gerber_LED-PCB_2024-08-18/FlyingProbeTesting.json,4037,5b1ca08b81088ee97f4c7f256c543e75d2a0ac566a754694138610b71b78e651,Frozen software,Preserved handover snapshot,Byte-identical to pre-portfolio snapshot; source comparison documented in VERSION_FREEZE.md.
02_Software/Final_Repository_Snapshot/Original/9DTact_Design/LED_PCB/Gerber_LED-PCB_2024-08-18/Gerber_BoardOutlineLayer.GKO,964,2df331cc43aae95496a0df31f1112dc777b3b57db3b9144dcb324c54f5c0d7cb,Frozen software,Preserved handover snapshot,Byte-identical to pre-portfolio snapshot; source comparison documented in VERSION_FREEZE.md.
02_Software/Final_Repository_Snapshot/Original/9DTact_Design/LED_PCB/Gerber_LED-PCB_2024-08-18/Gerber_BottomLayer.GBL,2519,f86ebe2fe4c7cc6e92486775ba2245fe435326d1bc943cdcc71111a0b0721875,Frozen software,Preserved handover snapshot,Byte-identical to pre-portfolio snapshot; source comparison documented in VERSION_FREEZE.md.
02_Software/Final_Repository_Snapshot/Original/9DTact_Design/LED_PCB/Gerber_LED-PCB_2024-08-18/Gerber_BottomPasteMaskLayer.GBP,2684,0577defbd6cb9cb7d37f040702bd6522a4b96f4a8e224b07503b31d525373619,Frozen software,Preserved handover snapshot,Byte-identical to pre-portfolio snapshot; source comparison documented in VERSION_FREEZE.md.
02_Software/Final_Repository_Snapshot/Original/9DTact_Design/LED_PCB/Gerber_LED-PCB_2024-08-18/Gerber_BottomSilkscreenLayer.GBO,45056,79e5668d2db6489087e194aa120e076994bb206461c0be6c110efaecc504d9d3,Frozen software,Preserved handover snapshot,Byte-identical to pre-portfolio snapshot; source comparison documented in VERSION_FREEZE.md.
02_Software/Final_Repository_Snapshot/Original/9DTact_Design/LED_PCB/Gerber_LED-PCB_2024-08-18/Gerber_BottomSolderMaskLayer.GBS,1418,706d0a1b81b2349283bc43f03b6edc1dacd47d319aaeff6bedec786453feff8c,Frozen software,Preserved handover snapshot,Byte-identical to pre-portfolio snapshot; source comparison documented in VERSION_FREEZE.md.
02_Software/Final_Repository_Snapshot/Original/9DTact_Design/LED_PCB/Gerber_LED-PCB_2024-08-18/Gerber_DocumentLayer.GDL,5645,91fc60c69f6e80e2288c05386fd3c9b002ab44e17d8f5f3bdba9ecce8406905a,Frozen software,Preserved handover snapshot,Byte-identical to pre-portfolio snapshot; source comparison documented in VERSION_FREEZE.md.
02_Software/Final_Repository_Snapshot/Original/9DTact_Design/LED_PCB/Gerber_LED-PCB_2024-08-18/Gerber_DrillDrawingLayer.GDD,798,0b6bad9bbe4137578486d1cbf83853996351d48db37dd369ae0173e2b6e31aa6,Frozen software,Preserved handover snapshot,Byte-identical to pre-portfolio snapshot; source comparison documented in VERSION_FREEZE.md.
02_Software/Final_Repository_Snapshot/Original/9DTact_Design/LED_PCB/Gerber_LED-PCB_2024-08-18/Gerber_TopLayer.GTL,2554,20569e448682f876a0ae7e5a5153c802390498733bbb9119412c8d82b3cdfc50,Frozen software,Preserved handover snapshot,Byte-identical to pre-portfolio snapshot; source comparison documented in VERSION_FREEZE.md.
02_Software/Final_Repository_Snapshot/Original/9DTact_Design/LED_PCB/Gerber_LED-PCB_2024-08-18/Gerber_TopPasteMaskLayer.GTP,923,bc5edc007cb69872c49d24d830baf55e272713123e83afd56bfbc2fc35be4c17,Frozen software,Preserved handover snapshot,Byte-identical to pre-portfolio snapshot; source comparison documented in VERSION_FREEZE.md.
02_Software/Final_Repository_Snapshot/Original/9DTact_Design/LED_PCB/Gerber_LED-PCB_2024-08-18/Gerber_TopSilkscreenLayer.GTO,4327,ade2b95bf3bcf002f9e1ef00d56f0e5760624a2a823a9b228007e28a0d3cc2e4,Frozen software,Preserved handover snapshot,Byte-identical to pre-portfolio snapshot; source comparison documented in VERSION_FREEZE.md.
02_Software/Final_Repository_Snapshot/Original/9DTact_Design/LED_PCB/Gerber_LED-PCB_2024-08-18/Gerber_TopSolderMaskLayer.GTS,1310,89e764d5dcec59ccbc44bad4c5dd3e61502dd811acb2becba2a000e490be5d24,Frozen software,Preserved handover snapshot,Byte-identical to pre-portfolio snapshot; source comparison documented in VERSION_FREEZE.md.
02_Software/Final_Repository_Snapshot/Original/9DTact_Design/LED_PCB/Gerber_LED-PCB_2024-08-18/PCB下单必读.txt,97,b474e38986d728eb094c7c1add4e29fde38fdc1a9891a600138879f82238aa87,Frozen software,Preserved handover snapshot,Byte-identical to pre-portfolio snapshot; source comparison documented in VERSION_FREEZE.md.
02_Software/Final_Repository_Snapshot/Original/9DTact_Design/LED_PCB/Gerber_LED-PCB_2024-08-18.zip,96285,02f264d280e4fc9d2e17e9a3bb21ef369b5bda3022f19f7b1ccc28d1e0d8db56,Frozen software,Preserved handover snapshot,Byte-identical to pre-portfolio snapshot; source comparison documented in VERSION_FREEZE.md.
02_Software/Final_Repository_Snapshot/Original/9DTact_Design/LED_PCB/LED_Model_from_JLC/led_board_combined.SLDASM,1779553,1b2b1c87b926b962a32be873c68952055b7364bb3a436b641cbcb921e6dddc91,Frozen software,Preserved handover snapshot,Byte-identical to pre-portfolio snapshot; source comparison documented in VERSION_FREEZE.md.
02_Software/Final_Repository_Snapshot/Original/9DTact_Design/LED_PCB/LED_Model_from_JLC/led_board_down.SLDPRT,5703523,f0f7129657d0ddc3813b376758c039c77eaae105930bb26e05f550ebf3f60f5f,Frozen software,Preserved handover snapshot,Byte-identical to pre-portfolio snapshot; source comparison documented in VERSION_FREEZE.md.
02_Software/Final_Repository_Snapshot/Original/9DTact_Design/LED_PCB/LED_Model_from_JLC/led_board_from_JLC.SLDPRT,6280371,082b5f3ef0d20164a1d7d2d2236c8c37d4c10b80b316df708a1f1764dabd58d6,Frozen software,Preserved handover snapshot,Byte-identical to pre-portfolio snapshot; source comparison documented in VERSION_FREEZE.md.
02_Software/Final_Repository_Snapshot/Original/9DTact_Design/LED_PCB/LED_Model_from_JLC/led_board_up.SLDPRT,4796054,a4411e9cc7c4b04af20ac70f71128b63d53ec794b83d298906636d2b1eced441,Frozen software,Preserved handover snapshot,Byte-identical to pre-portfolio snapshot; source comparison documented in VERSION_FREEZE.md.
02_Software/Final_Repository_Snapshot/Original/9DTact_Design/LED_PCB/PickAndPlace_LED-PCB_2024-08-18.xlsx,7551,f2c1a273f79b1a22768e2ab5be767e60ee9b9f005836e22cc25fec787e8645cd,Frozen software,Preserved handover snapshot,Byte-identical to pre-portfolio snapshot; source comparison documented in VERSION_FREEZE.md.
02_Software/Final_Repository_Snapshot/Original/9DTact_Design/mold/mold_1.SLDPRT,118889,a28ec2235101a6379394fc42d7355fd131cafe25258cbd6f273b75be4fc47eb4,Frozen software,Preserved handover snapshot,Byte-identical to pre-portfolio snapshot; source comparison documented in VERSION_FREEZE.md.
02_Software/Final_Repository_Snapshot/Original/9DTact_Design/mold/mold_2.SLDPRT,139226,0ae7280149d6c70281cf2efa5838e5c9086566bf859983af963d11c50c5ae3ad,Frozen software,Preserved handover snapshot,Byte-identical to pre-portfolio snapshot; source comparison documented in VERSION_FREEZE.md.
02_Software/Final_Repository_Snapshot/Original/9DTact_Design/mold/mold_base.SLDPRT,124312,1c0eff99a2ef23d5cc3e40849b4c84f15e78a27828f308c07ece891459f3a923,Frozen software,Preserved handover snapshot,Byte-identical to pre-portfolio snapshot; source comparison documented in VERSION_FREEZE.md.
02_Software/Final_Repository_Snapshot/Original/data/__init__.py,41,d2cd85ff219b7404135e25038ee6aa00cc88235e05b69d6a50c6fe5583988c2f,Frozen software,Preserved handover snapshot,Byte-identical to pre-portfolio snapshot; source comparison documented in VERSION_FREEZE.md.
02_Software/Final_Repository_Snapshot/Original/data/dtact_dataset.py,2557,c758afee1fdeb482c355430202e4890c260456a9213ba189fbdd85075bf6c8ee,Frozen software,Preserved handover snapshot,Byte-identical to pre-portfolio snapshot; source comparison documented in VERSION_FREEZE.md.
02_Software/Final_Repository_Snapshot/Original/data_collection/collect_data.py,8489,6059111dda0817549569c8c1a9e6d85c1690895705a62e4b5f34baf6fe3d5d00,Frozen software,Preserved handover snapshot,Byte-identical to pre-portfolio snapshot; source comparison documented in VERSION_FREEZE.md.
02_Software/Final_Repository_Snapshot/Original/data_collection/split_train_test(objects).py,2176,dd777b6f13603d319fc9aa364d7bfc9584ed0eadbe678fe61c6a41626667cced,Frozen software,Preserved handover snapshot,Byte-identical to pre-portfolio snapshot; source comparison documented in VERSION_FREEZE.md.
02_Software/Final_Repository_Snapshot/Original/data_collection/split_train_test.py,4141,4b880be7bb6b4e3c8de99bb0c1f6cae5d395708a0211a58f1ea627345ccdf1d9,Frozen software,Preserved handover snapshot,Byte-identical to pre-portfolio snapshot; source comparison documented in VERSION_FREEZE.md.
02_Software/Final_Repository_Snapshot/Original/data_collection/wrench_normalization.py,3602,0fd59b9d6d3db9c98046193094f3be64d27baee9ad59543a5114e5b5031bd779,Frozen software,Preserved handover snapshot,Byte-identical to pre-portfolio snapshot; source comparison documented in VERSION_FREEZE.md.
02_Software/Final_Repository_Snapshot/Original/force_estimation/_1_Force_Estimation.py,1219,751c588b31b2a2453311140d8c134fff2ed568326b9957d5e1d84514b6a0baea,Frozen software,Preserved handover snapshot,Byte-identical to pre-portfolio snapshot; source comparison documented in VERSION_FREEZE.md.
02_Software/Final_Repository_Snapshot/Original/force_estimation/__init__.py,76,78bbfd99fa4a6ad2faf806cc57f537ac7fd2065cfdb6b75b2695138939911967,Frozen software,Preserved handover snapshot,Byte-identical to pre-portfolio snapshot; source comparison documented in VERSION_FREEZE.md.
02_Software/Final_Repository_Snapshot/Original/force_estimation/estimator.py,3618,e035949f5f364494ade5e413ec23d97002fd9d2d7c389ffc95aecd8f1049e210,Frozen software,Preserved handover snapshot,Byte-identical to pre-portfolio snapshot; source comparison documented in VERSION_FREEZE.md.
02_Software/Final_Repository_Snapshot/Original/force_estimation/force_config.yaml,537,e29037de87ac2e9e837caf52809c3512e9947c79634617f71b88aac7ee81d26e,Frozen software,Preserved handover snapshot,Byte-identical to pre-portfolio snapshot; source comparison documented in VERSION_FREEZE.md.
02_Software/Final_Repository_Snapshot/Original/force_estimation/force_visualizer.py,8505,dc9083b74d11552c10e4ea7ded34b83a12ef6475f45192b4b582b9489fb2f5b3,Frozen software,Preserved handover snapshot,Byte-identical to pre-portfolio snapshot; source comparison documented in VERSION_FREEZE.md.
02_Software/Final_Repository_Snapshot/Original/force_estimation/test.png,180932,1f0f57d1dbb88837e08a574c87325be5e3b1ffc8a20b2b89d7215b1644496b40,Frozen software,Preserved handover snapshot,Byte-identical to pre-portfolio snapshot; source comparison documented in VERSION_FREEZE.md.
02_Software/Final_Repository_Snapshot/Original/force_estimation/train.py,18993,f579a7791fcb03d42e12633268aa0b3a158b8ab09860c55d1d0cb2286b1e5558,Frozen software,Preserved handover snapshot,Byte-identical to pre-portfolio snapshot; source comparison documented in VERSION_FREEZE.md.
02_Software/Final_Repository_Snapshot/Original/LICENSE,1089,6d8aa6d9f1915d064da185e950809a41426e337cdc824fd48b317759f2805c23,Frozen software,Preserved handover snapshot,Byte-identical to pre-portfolio snapshot; source comparison documented in VERSION_FREEZE.md.
02_Software/Final_Repository_Snapshot/Original/model/__init__.py,80,c74fbbae57306c5ef779fab2b9ff9bc962b82f238cd98013a415b48081d9695a,Frozen software,Preserved handover snapshot,Byte-identical to pre-portfolio snapshot; source comparison documented in VERSION_FREEZE.md.
02_Software/Final_Repository_Snapshot/Original/model/cnn.py,1436,89d019ad9a997cd5ac6854b26d1c9eedae77ccc80c7d845d4c4bacbb0a1f0d27,Frozen software,Preserved handover snapshot,Byte-identical to pre-portfolio snapshot; source comparison documented in VERSION_FREEZE.md.
02_Software/Final_Repository_Snapshot/Original/model/vit.py,18385,19203cb7f659aa2d2b295489071e7bdb52c0c1d66aaae2c7a6c3b1ea0c3aa832,Frozen software,Preserved handover snapshot,Byte-identical to pre-portfolio snapshot; source comparison documented in VERSION_FREEZE.md.
02_Software/Final_Repository_Snapshot/Original/model/vit_resnet_v2.py,5907,e0e7c7de6d203cf5d3134cea7ae4bed0c8ff877aa78aee13ee424fa19fe19990,Frozen software,Preserved handover snapshot,Byte-identical to pre-portfolio snapshot; source comparison documented in VERSION_FREEZE.md.
02_Software/Final_Repository_Snapshot/Original/README.md,10107,9271e6fa67b4de812fa1bb48754c37cb2d0018fe3458dfab317393a4d1a9b3d0,Frozen software,Preserved handover snapshot,Byte-identical to pre-portfolio snapshot; source comparison documented in VERSION_FREEZE.md.
02_Software/Final_Repository_Snapshot/Original/requirements.txt,310,4850108a81941cee48bfaf608636566ce49f5773e2e4c0aae2465082a3331254,Frozen software,Preserved handover snapshot,Byte-identical to pre-portfolio snapshot; source comparison documented in VERSION_FREEZE.md.
02_Software/Final_Repository_Snapshot/Original/setup.py,463,97fa9adcb03acbb45ea4237485f8609d2ecb25e90f55dac0fdf51fcbdf051dd8,Frozen software,Preserved handover snapshot,Byte-identical to pre-portfolio snapshot; source comparison documented in VERSION_FREEZE.md.
02_Software/Final_Repository_Snapshot/Original/shape-force_ros/_1_Sensor_ros.py,2066,820f9a08969d410020f27f810e63b78b76055da020a318076dbd44f6e675e351,Frozen software,Preserved handover snapshot,Byte-identical to pre-portfolio snapshot; source comparison documented in VERSION_FREEZE.md.
02_Software/Final_Repository_Snapshot/Original/shape-force_ros/_2_Shape_Reconstruction_ros.py,1809,405950d77bd547a5df69b029f02aff683e8f7c05a62af18615c750d7045a5c4d,Frozen software,Preserved handover snapshot,Byte-identical to pre-portfolio snapshot; source comparison documented in VERSION_FREEZE.md.
02_Software/Final_Repository_Snapshot/Original/shape-force_ros/_3_Force_Estimation_ros.py,1626,423512910027dad74d80c14fad6bfae46db8f7df03693a86bb9baef55f6c417f,Frozen software,Preserved handover snapshot,Byte-identical to pre-portfolio snapshot; source comparison documented in VERSION_FREEZE.md.
02_Software/Final_Repository_Snapshot/Original/shape-force_ros/_4_Shape_Force_ros.py,2391,14bfce98cfb5cb4dc772847689b4a5cdf2002d59d2fe6105625b0232393ea0ba,Frozen software,Preserved handover snapshot,Byte-identical to pre-portfolio snapshot; source comparison documented in VERSION_FREEZE.md.
02_Software/Final_Repository_Snapshot/Original/shape-force_ros/Sequence_Comparison.py,1626,423512910027dad74d80c14fad6bfae46db8f7df03693a86bb9baef55f6c417f,Frozen software,Preserved handover snapshot,Byte-identical to pre-portfolio snapshot; source comparison documented in VERSION_FREEZE.md.
02_Software/Final_Repository_Snapshot/Original/shape-force_ros/sf_visualizer.py,9520,179d973ecab631573efea80fb3d759dd29f0be4f474425ac3920e2b163d39161,Frozen software,Preserved handover snapshot,Byte-identical to pre-portfolio snapshot; source comparison documented in VERSION_FREEZE.md.
02_Software/Final_Repository_Snapshot/Original/shape-force_ros/shape_visualizer.py,2661,59b6c6a938861b2fe5ef2dafa42dc6c46a9844c4901d025548cadd82ebf794e6,Frozen software,Preserved handover snapshot,Byte-identical to pre-portfolio snapshot; source comparison documented in VERSION_FREEZE.md.
02_Software/Final_Repository_Snapshot/Original/shape_reconstruction/_1_Camera_Calibration.py,9496,4f9a227aa3609f0d6f492a5bc8ac75b976517e8bd85aa6c42d153f01da98c028,Frozen software,Preserved handover snapshot,Byte-identical to pre-portfolio snapshot; source comparison documented in VERSION_FREEZE.md.
02_Software/Final_Repository_Snapshot/Original/shape_reconstruction/_2_Sensor_Calibration.py,6697,4eee3fc7e4283db37e72d1e0f71dfdde7346a7fc9290834865f988404991ecab,Frozen software,Preserved handover snapshot,Byte-identical to pre-portfolio snapshot; source comparison documented in VERSION_FREEZE.md.
02_Software/Final_Repository_Snapshot/Original/shape_reconstruction/_3_Shape_Reconstruction.py,1008,640cf559b168206a98d57ac82b1613cf250fdd806bdc484f699840d7a63a69cf,Frozen software,Preserved handover snapshot,Byte-identical to pre-portfolio snapshot; source comparison documented in VERSION_FREEZE.md.
02_Software/Final_Repository_Snapshot/Original/shape_reconstruction/__init__.py,92,c791ce661ae65ba2ee3edf7a8657d843e33a2e5b560e00e0a3146a70d7653828,Frozen software,Preserved handover snapshot,Byte-identical to pre-portfolio snapshot; source comparison documented in VERSION_FREEZE.md.
02_Software/Final_Repository_Snapshot/Original/shape_reconstruction/calibration/sensor_1/camera_calibration/col_index.npy,1228928,ef88b9cd3bdad1b7c67059043ff04f0db264b24b6095a2b49123ff0cc57e854d,Frozen software,Preserved handover snapshot,Byte-identical to pre-portfolio snapshot; source comparison documented in VERSION_FREEZE.md.
02_Software/Final_Repository_Snapshot/Original/shape_reconstruction/calibration/sensor_1/camera_calibration/position_scale.npy,152,4b5afecd3d3b53bb87f7b258e7f041dfb2fd469c1d461d5a36efae7d48f9c6c2,Frozen software,Preserved handover snapshot,Byte-identical to pre-portfolio snapshot; source comparison documented in VERSION_FREEZE.md.
02_Software/Final_Repository_Snapshot/Original/shape_reconstruction/calibration/sensor_1/camera_calibration/ref.png,184127,d7226b095a8a44f80d57233d865997d9e5b50810c6cedce4b4fcba2d1c00ff87,Frozen software,Preserved handover snapshot,Byte-identical to pre-portfolio snapshot; source comparison documented in VERSION_FREEZE.md.
02_Software/Final_Repository_Snapshot/Original/shape_reconstruction/calibration/sensor_1/camera_calibration/ref_GRAY.png,63007,bb13bf680ec0354e9ca24954bf70db00aeb674919d3c9ce0e7d41a19806e9eb7,Frozen software,Preserved handover snapshot,Byte-identical to pre-portfolio snapshot; source comparison documented in VERSION_FREEZE.md.
02_Software/Final_Repository_Snapshot/Original/shape_reconstruction/calibration/sensor_1/camera_calibration/row_index.npy,1228928,083cd359031e69b3226cd6d3d6344ed35e6c0c6a50c95fd38ca5b15e0a0b7172,Frozen software,Preserved handover snapshot,Byte-identical to pre-portfolio snapshot; source comparison documented in VERSION_FREEZE.md.
02_Software/Final_Repository_Snapshot/Original/shape_reconstruction/calibration/sensor_1/camera_calibration/sample.png,265898,9c1e7cd4efdfa0a57facbcf0208609fac478e429f5aaf1dfee92d7e5319f6ed8,Frozen software,Preserved handover snapshot,Byte-identical to pre-portfolio snapshot; source comparison documented in VERSION_FREEZE.md.
02_Software/Final_Repository_Snapshot/Original/shape_reconstruction/calibration/sensor_1/camera_calibration/sample_contours.png,101825,5dac4a0826e99e3ddf1f1fc38f972d981f2bb0e58a8dfe7429da48941c0234c6,Frozen software,Preserved handover snapshot,Byte-identical to pre-portfolio snapshot; source comparison documented in VERSION_FREEZE.md.
02_Software/Final_Repository_Snapshot/Original/shape_reconstruction/calibration/sensor_1/camera_calibration/sample_drawing.png,258596,52b0e513e4be7a9797712b5d196a797e19e7243a3ebd3e2657db9db4f9b5fcbb,Frozen software,Preserved handover snapshot,Byte-identical to pre-portfolio snapshot; source comparison documented in VERSION_FREEZE.md.
02_Software/Final_Repository_Snapshot/Original/shape_reconstruction/calibration/sensor_1/camera_calibration/sample_drawing_new.png,177405,d9507fbdb93b77bddeb7e9a7e3356d95abfab9a09fc09a580e3e2bb9b5f8e088,Frozen software,Preserved handover snapshot,Byte-identical to pre-portfolio snapshot; source comparison documented in VERSION_FREEZE.md.
02_Software/Final_Repository_Snapshot/Original/shape_reconstruction/calibration/sensor_1/camera_calibration/sample_drawing_new_crop.png,143434,7907fc2c48f72f5693bf314f32c2d75062e5cc3e23e5ea642da46cf80a473633,Frozen software,Preserved handover snapshot,Byte-identical to pre-portfolio snapshot; source comparison documented in VERSION_FREEZE.md.
02_Software/Final_Repository_Snapshot/Original/shape_reconstruction/calibration/sensor_1/camera_calibration/sample_GRAY.png,96395,00b527ab80c14b5f08b1a6675c70541995595ccd612a0eb47ca9ba69aec0b7a5,Frozen software,Preserved handover snapshot,Byte-identical to pre-portfolio snapshot; source comparison documented in VERSION_FREEZE.md.
02_Software/Final_Repository_Snapshot/Original/shape_reconstruction/calibration/sensor_1/camera_calibration/sample_new.png,64974,cefe497545853b0da77fe03e19bf7fd62d6dd2bf4f319bac1637e955e897274f,Frozen software,Preserved handover snapshot,Byte-identical to pre-portfolio snapshot; source comparison documented in VERSION_FREEZE.md.
02_Software/Final_Repository_Snapshot/Original/shape_reconstruction/calibration/sensor_1/camera_calibration/sample_new_crop.png,51506,b8f899f745f3b35d3349ef2753bfb325fae821227ccbeb16c25c944afed47b8b,Frozen software,Preserved handover snapshot,Byte-identical to pre-portfolio snapshot; source comparison documented in VERSION_FREEZE.md.
02_Software/Final_Repository_Snapshot/Original/shape_reconstruction/calibration/sensor_1/depth_calibration/Pixel_to_Depth.npy,616,19c9f3514dce402d8e710079757394b5445b74e7afbdd2459de43798676cb4ff,Frozen software,Preserved handover snapshot,Byte-identical to pre-portfolio snapshot; source comparison documented in VERSION_FREEZE.md.
02_Software/Final_Repository_Snapshot/Original/shape_reconstruction/calibration/sensor_1/depth_calibration/rectify_crop_ref.png,96139,e52c0326af176dd36ec699a72917587f13944dd2a4737181a8fcdb42c6482104,Frozen software,Preserved handover snapshot,Byte-identical to pre-portfolio snapshot; source comparison documented in VERSION_FREEZE.md.
02_Software/Final_Repository_Snapshot/Original/shape_reconstruction/calibration/sensor_1/depth_calibration/rectify_crop_sample.png,106333,2a5295dfedc39f00309f293af3591cd18cab88e8cd54271a2d67f59c592c066f,Frozen software,Preserved handover snapshot,Byte-identical to pre-portfolio snapshot; source comparison documented in VERSION_FREEZE.md.
02_Software/Final_Repository_Snapshot/Original/shape_reconstruction/calibration/sensor_1/depth_calibration/ref.png,184288,8844b38c293aba52ca43f72cbd5fc46f00bffff83d7a0e5c3328eb10f22d1ce5,Frozen software,Preserved handover snapshot,Byte-identical to pre-portfolio snapshot; source comparison documented in VERSION_FREEZE.md.
02_Software/Final_Repository_Snapshot/Original/shape_reconstruction/calibration/sensor_1/depth_calibration/sample.png,195546,fc07e2f606e02447e02a1ff0969527d1da3eb3afe90bb8244037d758fae469d6,Frozen software,Preserved handover snapshot,Byte-identical to pre-portfolio snapshot; source comparison documented in VERSION_FREEZE.md.
02_Software/Final_Repository_Snapshot/Original/shape_reconstruction/calibration/sensor_2/camera_calibration/col_index.npy,1228928,ea3a8c616910b017bb27ca5f10d944813a26792f4d8f0f1eaa7f23044b5ebb0b,Frozen software,Preserved handover snapshot,Byte-identical to pre-portfolio snapshot; source comparison documented in VERSION_FREEZE.md.
02_Software/Final_Repository_Snapshot/Original/shape_reconstruction/calibration/sensor_2/camera_calibration/position_scale.npy,152,aaffd9e3a2617bce35ab2277694d8a27a7e27fa5c29d7b3141f76df890b6eb61,Frozen software,Preserved handover snapshot,Byte-identical to pre-portfolio snapshot; source comparison documented in VERSION_FREEZE.md.
02_Software/Final_Repository_Snapshot/Original/shape_reconstruction/calibration/sensor_2/camera_calibration/ref.png,201484,f1b79305db318cd770cbe5d7432329bce708e1a17b53d3ac2b34ab984c445f4b,Frozen software,Preserved handover snapshot,Byte-identical to pre-portfolio snapshot; source comparison documented in VERSION_FREEZE.md.
02_Software/Final_Repository_Snapshot/Original/shape_reconstruction/calibration/sensor_2/camera_calibration/ref_GRAY.png,68755,baedee6e9f36024c551099e33176a3b39867af373789e5f40be1f938a2abd43d,Frozen software,Preserved handover snapshot,Byte-identical to pre-portfolio snapshot; source comparison documented in VERSION_FREEZE.md.
02_Software/Final_Repository_Snapshot/Original/shape_reconstruction/calibration/sensor_2/camera_calibration/row_index.npy,1228928,7a8a51313c435ba71d2f55abf527ed354a5055214c4b5804f98954e46455aba2,Frozen software,Preserved handover snapshot,Byte-identical to pre-portfolio snapshot; source comparison documented in VERSION_FREEZE.md.
02_Software/Final_Repository_Snapshot/Original/shape_reconstruction/calibration/sensor_2/camera_calibration/sample.png,286711,bab15922b7ce857416a927b8bb2ea079b9487608525dd1175736b7f356ecd3fc,Frozen software,Preserved handover snapshot,Byte-identical to pre-portfolio snapshot; source comparison documented in VERSION_FREEZE.md.
02_Software/Final_Repository_Snapshot/Original/shape_reconstruction/calibration/sensor_2/camera_calibration/sample_contours.png,108407,411ada995d52a2e409ef09fb137dc5555e3e8f5a55245d674c4e2e786f0806d9,Frozen software,Preserved handover snapshot,Byte-identical to pre-portfolio snapshot; source comparison documented in VERSION_FREEZE.md.
02_Software/Final_Repository_Snapshot/Original/shape_reconstruction/calibration/sensor_2/camera_calibration/sample_drawing.png,277417,b6b6ba9c88cfdf2bc4b565951b63363d813d051f1bbbb5674f269cc0d8785c7c,Frozen software,Preserved handover snapshot,Byte-identical to pre-portfolio snapshot; source comparison documented in VERSION_FREEZE.md.
02_Software/Final_Repository_Snapshot/Original/shape_reconstruction/calibration/sensor_2/camera_calibration/sample_drawing_new.png,189079,46a7a018f3a199b94f7650423d41fd6401503f3f6c4c1ee7f30cbcd1d774c52f,Frozen software,Preserved handover snapshot,Byte-identical to pre-portfolio snapshot; source comparison documented in VERSION_FREEZE.md.
02_Software/Final_Repository_Snapshot/Original/shape_reconstruction/calibration/sensor_2/camera_calibration/sample_drawing_new_crop.png,154254,3ce2517ca1e33222d45a7488293293adfbc4457fed7ac7a5b5e2f0092188fc04,Frozen software,Preserved handover snapshot,Byte-identical to pre-portfolio snapshot; source comparison documented in VERSION_FREEZE.md.
02_Software/Final_Repository_Snapshot/Original/shape_reconstruction/calibration/sensor_2/camera_calibration/sample_GRAY.png,101721,d7a2fe7c30e2cbdd0aca4bc15b0bdf4162cdaa926ee7d8eb11255976530114b8,Frozen software,Preserved handover snapshot,Byte-identical to pre-portfolio snapshot; source comparison documented in VERSION_FREEZE.md.
02_Software/Final_Repository_Snapshot/Original/shape_reconstruction/calibration/sensor_2/camera_calibration/sample_new.png,68344,0617fca634bfa631ff4f9b0e7fde3dedfc3118009d6b129f08122ed985f06657,Frozen software,Preserved handover snapshot,Byte-identical to pre-portfolio snapshot; source comparison documented in VERSION_FREEZE.md.
02_Software/Final_Repository_Snapshot/Original/shape_reconstruction/calibration/sensor_2/camera_calibration/sample_new_crop.png,54559,d4f218903028782f3ac3ba455307e9a74852c0bb05cf21a46566a514315c9f8a,Frozen software,Preserved handover snapshot,Byte-identical to pre-portfolio snapshot; source comparison documented in VERSION_FREEZE.md.
02_Software/Final_Repository_Snapshot/Original/shape_reconstruction/calibration/sensor_2/depth_calibration/Pixel_to_Depth.npy,568,d84de22e2acb5e77bcc1d12f28bd42812fbd93bdeab43c27314c0a951a82181b,Frozen software,Preserved handover snapshot,Byte-identical to pre-portfolio snapshot; source comparison documented in VERSION_FREEZE.md.
02_Software/Final_Repository_Snapshot/Original/shape_reconstruction/calibration/sensor_2/depth_calibration/rectify_crop_ref.png,101825,9af48a1957a8e9ac355d08be856d071e684dfe357fc095a7c8c4fc8bb3e95ad3,Frozen software,Preserved handover snapshot,Byte-identical to pre-portfolio snapshot; source comparison documented in VERSION_FREEZE.md.
02_Software/Final_Repository_Snapshot/Original/shape_reconstruction/calibration/sensor_2/depth_calibration/rectify_crop_sample.png,108911,542626e2de615c08020f48d5ea612a05bb8b619e7d3ae9ee9a6121bf1fcddc6b,Frozen software,Preserved handover snapshot,Byte-identical to pre-portfolio snapshot; source comparison documented in VERSION_FREEZE.md.
02_Software/Final_Repository_Snapshot/Original/shape_reconstruction/calibration/sensor_2/depth_calibration/ref.png,194957,b444f2c05c08935f265291f1c5691c450906488c40ddb378a22077f98c9ddde0,Frozen software,Preserved handover snapshot,Byte-identical to pre-portfolio snapshot; source comparison documented in VERSION_FREEZE.md.
02_Software/Final_Repository_Snapshot/Original/shape_reconstruction/calibration/sensor_2/depth_calibration/sample.png,202314,cd0e62f6c5a4d50ebe0256550d57d0b97486386cad090380b09607edc1df853e,Frozen software,Preserved handover snapshot,Byte-identical to pre-portfolio snapshot; source comparison documented in VERSION_FREEZE.md.
02_Software/Final_Repository_Snapshot/Original/shape_reconstruction/camera.py,5944,d573f6a4b71ebfd59f31e096fed9a21d79c220a5fdc1f3eb215e34a2fd4e8bac,Frozen software,Preserved handover snapshot,Byte-identical to pre-portfolio snapshot; source comparison documented in VERSION_FREEZE.md.
02_Software/Final_Repository_Snapshot/Original/shape_reconstruction/sensor.py,6792,7c2b534a2fdace2afde462ee2c628fce02e39e8bb2b3dab2e022d3d19733ffac,Frozen software,Preserved handover snapshot,Byte-identical to pre-portfolio snapshot; source comparison documented in VERSION_FREEZE.md.
02_Software/Final_Repository_Snapshot/Original/shape_reconstruction/sensor_obj/black_base.obj,13483,70459f5d06ca37c13e1cabfc61557ff9ab1c74d9b36ae0dd6af53fa9b3ffb902,Frozen software,Preserved handover snapshot,Byte-identical to pre-portfolio snapshot; source comparison documented in VERSION_FREEZE.md.
02_Software/Final_Repository_Snapshot/Original/shape_reconstruction/sensor_obj/black_contact.obj,16051,82ed438cd8da2a9c96cfa0fc06daa21dfa0f6cf3b4752ca8ad0f41a2cb6c5761,Frozen software,Preserved handover snapshot,Byte-identical to pre-portfolio snapshot; source comparison documented in VERSION_FREEZE.md.
02_Software/Final_Repository_Snapshot/Original/shape_reconstruction/sensor_obj/white_shell.obj,13512,f8c43fefa1813a8870b9139a0efc3b4e79a0185d54d07ad7de33bfea25931d27,Frozen software,Preserved handover snapshot,Byte-identical to pre-portfolio snapshot; source comparison documented in VERSION_FREEZE.md.
02_Software/Final_Repository_Snapshot/Original/shape_reconstruction/shape_config.yaml,785,0c7cd60ff16d1b0b38c5893f03a550daad3606a9dcded2d3924ab5c337a1ba40,Frozen software,Preserved handover snapshot,Byte-identical to pre-portfolio snapshot; source comparison documented in VERSION_FREEZE.md.
02_Software/Final_Repository_Snapshot/Original/shape_reconstruction/visualizer.py,2591,46b41eae924d404680837c060d5739d9334934805e8b71ae84e3ba3ed888aa2b,Frozen software,Preserved handover snapshot,Byte-identical to pre-portfolio snapshot; source comparison documented in VERSION_FREEZE.md.
02_Software/Final_Repository_Snapshot/Original/source/design.jpeg,1005281,aea303293c20c13238a49981b36f619fa4ef87fb816a44deb391c26892a7812e,Frozen software,Preserved handover snapshot,Byte-identical to pre-portfolio snapshot; source comparison documented in VERSION_FREEZE.md.
02_Software/Final_Repository_Snapshot/Original/source/pipelie.png,7269211,1cb135688caf7bc81b709922de94390b3a1e7dba94a2c49c79a647f8dcc665ea,Frozen software,Preserved handover snapshot,Byte-identical to pre-portfolio snapshot; source comparison documented in VERSION_FREEZE.md.
02_Software/Final_Repository_Snapshot/Original/source/Poster.png,11379539,2c2fd71ece357ee9a9585a834f5a224f6b65f842918de1e3dfb6ccae55ce1b50,Frozen software,Preserved handover snapshot,Byte-identical to pre-portfolio snapshot; source comparison documented in VERSION_FREEZE.md.
02_Software/Final_Repository_Snapshot/README.md,9887,b997c761233c9a84e7701aae115f9339e8820ded119032a7710a675a687fb16c,Frozen software,Preserved handover snapshot,Byte-identical to pre-portfolio snapshot; source comparison documented in VERSION_FREEZE.md.
02_Software/Final_Repository_Snapshot/README_CN.md,8232,d9fed29ad16dccf3715472e619e36603422d1f5e6a5bb9ab14c05c4401161c5c,Frozen software,Preserved handover snapshot,Byte-identical to pre-portfolio snapshot; source comparison documented in VERSION_FREEZE.md.
02_Software/Final_Repository_Snapshot/scripts/create_training_bundle.py,645,ee770cc485b526a52cd4341b2c5d03d58e068d34f85c9aca89c7afc69207386f,Frozen software,Preserved handover snapshot,Byte-identical to pre-portfolio snapshot; source comparison documented in VERSION_FREEZE.md.
02_Software/Final_Repository_Snapshot/scripts/install_core_ubuntu20.sh,3650,6ce8358b2c7dcac3bdabd6e65dec5efe8e966b69212fb49bdbff2aef7ddb5971,Frozen software,Preserved handover snapshot,Byte-identical to pre-portfolio snapshot; source comparison documented in VERSION_FREEZE.md.
02_Software/Final_Repository_Snapshot/scripts/verify_installation.py,3982,11064e6539cf18cfacfdb5c5fd4c369163ad3ba854645ac63c9ff96412c03b01,Frozen software,Preserved handover snapshot,Byte-identical to pre-portfolio snapshot; source comparison documented in VERSION_FREEZE.md.
02_Software/Final_Repository_Snapshot/scripts/verify_submission.py,13104,9b1ec9a7f3ad85700fe6d9179a0ba484ad7446d81cad9ad82131da8687e416bb,Frozen software,Preserved handover snapshot,Byte-identical to pre-portfolio snapshot; source comparison documented in VERSION_FREEZE.md.
02_Software/Final_Repository_Snapshot/SUBMISSION_MANIFEST.csv,38689,cfb4be06d467001ce9bab44ae791821f340593c6ed479df079f8a85102f3e4a1,Frozen software,Preserved handover snapshot,Byte-identical to pre-portfolio snapshot; source comparison documented in VERSION_FREEZE.md.
02_Software/Final_Repository_Snapshot/VERSION_INFO.md,5750,351f08e1bec82a9baf36d9fb97a49a984730341c221835a5d1cf921737b1d3c2,Frozen software,Preserved handover snapshot,Byte-identical to pre-portfolio snapshot; source comparison documented in VERSION_FREEZE.md.
02_Software/Repository_Version_Info/GIT_VERSION.md,1096,b81f8dc846d1413e58e2566e623bac585cdf00278f80d3e7b834ce6f0b933cff,Portfolio documentation,Portfolio revision,Technical presentation and navigation.
02_Software/Repository_Version_Info/ORIGINAL_FROZEN_SHA256.csv,17468,9fe04f5ee61183810dbe56e40a713bb007b9aaf61cefc35c841228e65d209c76,Portfolio documentation,Portfolio revision,Technical presentation and navigation.
02_Software/SOFTWARE_INDEX.md,2589,4644cb7e3e861721da866eb8762f8db478dece342fc7f7bbe36d1fba70431872,Portfolio documentation,Portfolio revision,Technical presentation and navigation.
03_Hardware/01_CAD_Source/SolidWorks_Assemblies/LED_PCB_Model_from_JLC/led_board_combined.SLDASM,1779553,1b2b1c87b926b962a32be873c68952055b7364bb3a436b641cbcb921e6dddc91,Hardware,Project and upstream as attributed,See docs/HARDWARE_PROVENANCE.csv and hardware navigation.
03_Hardware/01_CAD_Source/SolidWorks_Assemblies/LED_PCB_Model_from_JLC/led_board_down.SLDPRT,5703523,f0f7129657d0ddc3813b376758c039c77eaae105930bb26e05f550ebf3f60f5f,Hardware,Project and upstream as attributed,See docs/HARDWARE_PROVENANCE.csv and hardware navigation.
03_Hardware/01_CAD_Source/SolidWorks_Assemblies/LED_PCB_Model_from_JLC/led_board_from_JLC.SLDPRT,6280371,082b5f3ef0d20164a1d7d2d2236c8c37d4c10b80b316df708a1f1764dabd58d6,Hardware,Project and upstream as attributed,See docs/HARDWARE_PROVENANCE.csv and hardware navigation.
03_Hardware/01_CAD_Source/SolidWorks_Assemblies/LED_PCB_Model_from_JLC/led_board_up.SLDPRT,4796054,a4411e9cc7c4b04af20ac70f71128b63d53ec794b83d298906636d2b1eced441,Hardware,Project and upstream as attributed,See docs/HARDWARE_PROVENANCE.csv and hardware navigation.
03_Hardware/01_CAD_Source/SolidWorks_Parts/Calibration/calibration_board.SLDPRT,363089,20e574592fc46801cc4254c495c2424cd15390290423e8ea4e59f9d99efb9ada,Hardware,Project and upstream as attributed,See docs/HARDWARE_PROVENANCE.csv and hardware navigation.
03_Hardware/01_CAD_Source/SolidWorks_Parts/Gripper/gripper-L.SLDPRT,502052,02b70f7e631ba5b3c127261ccaab7eff672e75fd2c4a4e3be688cbb9562dc2cb,Hardware,Project and upstream as attributed,See docs/HARDWARE_PROVENANCE.csv and hardware navigation.
03_Hardware/01_CAD_Source/SolidWorks_Parts/Gripper/gripper-R.SLDPRT,498332,7df41019d557937614561ad58eae5c1af94d87d95c381d20c64b8de9a032ee06,Hardware,Project and upstream as attributed,See docs/HARDWARE_PROVENANCE.csv and hardware navigation.
03_Hardware/01_CAD_Source/SolidWorks_Parts/Optimized_Sensor/acrylic_window.SLDPRT,113710,db339570dd11e936abc3d00144f940362a76a9457c7bd763cb6525b1a5ffe8ac,Hardware,Project and upstream as attributed,See docs/HARDWARE_PROVENANCE.csv and hardware navigation.
03_Hardware/01_CAD_Source/SolidWorks_Parts/Optimized_Sensor/isolation_ring.SLDPRT,428666,ea57e9d43094f71fde8e520f46240cf10dd2b9270f3f743cf5d25ca738db4c79,Hardware,Project and upstream as attributed,See docs/HARDWARE_PROVENANCE.csv and hardware navigation.
03_Hardware/01_CAD_Source/SolidWorks_Parts/Optimized_Sensor/sensor_base.SLDPRT,315147,52aa7b718a13a1e016435853df094ccc270ecf1d830b233554c87ec9df79c21c,Hardware,Project and upstream as attributed,See docs/HARDWARE_PROVENANCE.csv and hardware navigation.
03_Hardware/01_CAD_Source/SolidWorks_Parts/Optimized_Sensor/sensor_shell_optimized.SLDPRT,385022,89f06e29cbd3a185486ce5b376776283824c6cda9ed0376a3581c65836ee1ff5,Hardware,Project and upstream as attributed,See docs/HARDWARE_PROVENANCE.csv and hardware navigation.
03_Hardware/01_CAD_Source/SolidWorks_Parts/Test_Connections/FT300_connection base.SLDPRT,124944,4656feaddc7c1031ad097d4601da9650c6be078923154c49ff11c89f2754e3be,Hardware,Project and upstream as attributed,See docs/HARDWARE_PROVENANCE.csv and hardware navigation.
03_Hardware/01_CAD_Source/SolidWorks_Parts/Test_Connections/sensor_connection base.SLDPRT,276096,7ae5e1779101a9c6e4c53ccf6a349f9b4c223d3725794ed86c03babcb5b09660,Hardware,Project and upstream as attributed,See docs/HARDWARE_PROVENANCE.csv and hardware navigation.
03_Hardware/03_Print_Files_STL/Converted/SolidWorks_Parts/Calibration/calibration_board.STL,2718984,6426f6af7bb57ed5bd4945c59cd14600b31608109dfe3266e53ca9088b79903c,Hardware,Project and upstream as attributed,See docs/HARDWARE_PROVENANCE.csv and hardware navigation.
03_Hardware/03_Print_Files_STL/Converted/SolidWorks_Parts/Optimized_Sensor/acrylic_window.STL,684,12332dae3063af5b44bbc68a2160d22be12bd4f6c8438ab27b3c59a92f2eba93,Hardware,Project and upstream as attributed,See docs/HARDWARE_PROVENANCE.csv and hardware navigation.
03_Hardware/03_Print_Files_STL/Converted/SolidWorks_Parts/Optimized_Sensor/isolation_ring.STL,28884,4d3ea57472716b995fb6fda1efd796c4323e3c56fa7c4fd044aa74c4e86f4cc1,Hardware,Project and upstream as attributed,See docs/HARDWARE_PROVENANCE.csv and hardware navigation.
03_Hardware/03_Print_Files_STL/Converted/SolidWorks_Parts/Optimized_Sensor/sensor_base.STL,391284,6bdc65bc01b6bd15e9eeab87fe375c6d98af427cfd46e86e2b7e1b7a60a26095,Hardware,Project and upstream as attributed,See docs/HARDWARE_PROVENANCE.csv and hardware navigation.
03_Hardware/03_Print_Files_STL/Converted/SolidWorks_Parts/Optimized_Sensor/sensor_shell_optimized.STL,150984,9ac971578ed41aa10b907d9fcbaee525c7c08b5f6a96b728dddacf5cce539123,Hardware,Project and upstream as attributed,See docs/HARDWARE_PROVENANCE.csv and hardware navigation.
03_Hardware/03_Print_Files_STL/Converted/SolidWorks_Parts/Test_Connections/FT300_connection base.STL,127384,a26f688f5753b5e801c8cbe0222a24111181c945795fa5f2585a85c913c2ad9e,Hardware,Project and upstream as attributed,See docs/HARDWARE_PROVENANCE.csv and hardware navigation.
03_Hardware/03_Print_Files_STL/Converted/SolidWorks_Parts/Test_Connections/sensor_connection base.STL,198484,95dfea1caacb2bd53f2c83b29a56d7e10620fe59822faa75ab0ffdf662d079a3,Hardware,Project and upstream as attributed,See docs/HARDWARE_PROVENANCE.csv and hardware navigation.
03_Hardware/03_Print_Files_STL/Existing_Source/Gripper/gripper-L.STL,155984,3f7480c670bf4716f07b729cae8f4254122eabbaaeba19dde6293bc688f34729,Hardware,Project and upstream as attributed,See docs/HARDWARE_PROVENANCE.csv and hardware navigation.
03_Hardware/03_Print_Files_STL/Existing_Source/Gripper/gripper-R.STL,156584,30d36ab5b4731c26aec2af04a2a4541f3ac22fee607522a303ba37e123a41303,Hardware,Project and upstream as attributed,See docs/HARDWARE_PROVENANCE.csv and hardware navigation.
03_Hardware/03_Print_Files_STL/README.md,616,2157d9adfac1718d3b021e5ca99a04441a733e2da14252c87f99024d10ca1b26,Hardware,Project and upstream as attributed,See docs/HARDWARE_PROVENANCE.csv and hardware navigation.
03_Hardware/03_Print_Files_STL/STL_SOURCE_MAPPING.csv,4419,2e672f8955d7ad0d1728765795eba47fdf9ba6ffe7c5cbc7adcca9b9662c9f16,Hardware,Project and upstream as attributed,See docs/HARDWARE_PROVENANCE.csv and hardware navigation.
03_Hardware/04_Engineering_Drawings/Acrylic_Mold/mold_1_thickness_2.5mm.DXF,20821,3689d554bd6a8f5b41a639c74eddef5982ac278953eb0988a3ba405b9be190f6,Hardware,Project and upstream as attributed,See docs/HARDWARE_PROVENANCE.csv and hardware navigation.
03_Hardware/04_Engineering_Drawings/Acrylic_Mold/mold_2_thickness_2.8mm.DXF,20865,c4449bcd481bc38218a51c42db4cd7f31143dfe180a24843fd936312a484eb93,Hardware,Project and upstream as attributed,See docs/HARDWARE_PROVENANCE.csv and hardware navigation.
03_Hardware/04_Engineering_Drawings/Acrylic_Mold/mold_base_thickness_3.0mm.DXF,20140,d5c6a68f8cc59499b45547a20645563c7032d8fa7a53ca8bf971013388c469de,Hardware,Project and upstream as attributed,See docs/HARDWARE_PROVENANCE.csv and hardware navigation.
03_Hardware/05_BOM/Electronics/BOM_LED-PCB.xlsx,7152,17d79c93ef6d8cb6d7491cbfa933d972dbbd88575ff4919e45f962d60aa950c0,Hardware,Project and upstream as attributed,See docs/HARDWARE_PROVENANCE.csv and hardware navigation.
03_Hardware/05_BOM/Mechanical/Project_Master_BOM.xlsx,7949,dabc9d9a6a223cc3f4473868fe6af32bd5dd70fe05e12d8f4c5ffc5b1d54783e,Hardware,Project and upstream as attributed,See docs/HARDWARE_PROVENANCE.csv and hardware navigation.
03_Hardware/07_PCB_and_Electronics/ELECTRONICS_INDEX.md,1248,95208887982ae6d1c8d3f7c89d9ecd86079b99d83d538607865420c9391d1df6,Hardware,Project and upstream as attributed,See docs/HARDWARE_PROVENANCE.csv and hardware navigation.
03_Hardware/07_PCB_and_Electronics/LED_PCB/Assembly_Data/PickAndPlace_LED-PCB.xlsx,7551,f2c1a273f79b1a22768e2ab5be767e60ee9b9f005836e22cc25fec787e8645cd,Hardware,Project and upstream as attributed,See docs/HARDWARE_PROVENANCE.csv and hardware navigation.
03_Hardware/07_PCB_and_Electronics/LED_PCB/Gerber/Drill_NPTH_Through.DRL,317,eb428ca00a7327cdaed7431d60108bb40f7747ac38b422c5dad79e3c6e5befe0,Hardware,Project and upstream as attributed,See docs/HARDWARE_PROVENANCE.csv and hardware navigation.
03_Hardware/07_PCB_and_Electronics/LED_PCB/Gerber/Drill_PTH_Through.DRL,466,e3aa53b5f4d08659365eed78cf5592239e839e6de1caf93c84a677844b6707d4,Hardware,Project and upstream as attributed,See docs/HARDWARE_PROVENANCE.csv and hardware navigation.
03_Hardware/07_PCB_and_Electronics/LED_PCB/Gerber/Drill_PTH_Through_Via.DRL,352,c5fd32bc17587fe9f4c82b2f6a31e8548aa2f5342e2cb940075131d0d97c211c,Hardware,Project and upstream as attributed,See docs/HARDWARE_PROVENANCE.csv and hardware navigation.
03_Hardware/07_PCB_and_Electronics/LED_PCB/Gerber/Fabrication_ColorfulBoardOutlineLayer.FCBO,2007,d9314bd8b2b6fd8b413287b78fc69f45622a90ce27f1ad585e1ae44a13b36891,Hardware,Project and upstream as attributed,See docs/HARDWARE_PROVENANCE.csv and hardware navigation.
03_Hardware/07_PCB_and_Electronics/LED_PCB/Gerber/Fabrication_ColorfulBoardOutlineMark.FCBM,1037,e414e7bde02e6848f9c07d1ab8bdba323626ed1db198f6a18671298096aac42a,Hardware,Project and upstream as attributed,See docs/HARDWARE_PROVENANCE.csv and hardware navigation.
03_Hardware/07_PCB_and_Electronics/LED_PCB/Gerber/Fabrication_ColorfulBottomSilkscreen.FCBS,45935,4ff8be99b0a2f98289a48eb120edf0058ed54768ef1a931d6368c308adcaf0b1,Hardware,Project and upstream as attributed,See docs/HARDWARE_PROVENANCE.csv and hardware navigation.
03_Hardware/07_PCB_and_Electronics/LED_PCB/Gerber/Fabrication_ColorfulTopSilkscreen.FCTS,23178,778a03a92e5b8f25aea7b7b4c2a7a1c9eaa3a58dbfda85b5d23b1fc368bd6e62,Hardware,Project and upstream as attributed,See docs/HARDWARE_PROVENANCE.csv and hardware navigation.
03_Hardware/07_PCB_and_Electronics/LED_PCB/Gerber/FlyingProbeTesting.json,3976,4d14aee3bc0960b09d454c1ce6bf568eaa775e676a33b5916d223a12b88008ac,Hardware,Project and upstream as attributed,See docs/HARDWARE_PROVENANCE.csv and hardware navigation.
03_Hardware/07_PCB_and_Electronics/LED_PCB/Gerber/Gerber_BoardOutlineLayer.GKO,922,3dee2066a1932392d223adc62af06b65136f907517858e63ed8509664a7dfc52,Hardware,Project and upstream as attributed,See docs/HARDWARE_PROVENANCE.csv and hardware navigation.
03_Hardware/07_PCB_and_Electronics/LED_PCB/Gerber/Gerber_BottomLayer.GBL,2404,19d6875266e787f07a738889ea4cc67b09adb199b1aec8d8756a0033bf745d76,Hardware,Project and upstream as attributed,See docs/HARDWARE_PROVENANCE.csv and hardware navigation.
03_Hardware/07_PCB_and_Electronics/LED_PCB/Gerber/Gerber_BottomPasteMaskLayer.GBP,2555,37044293df03789d58e98ce3fad4708f89745f1f9ceb1554aaf3146c3ef3b2a6,Hardware,Project and upstream as attributed,See docs/HARDWARE_PROVENANCE.csv and hardware navigation.
03_Hardware/07_PCB_and_Electronics/LED_PCB/Gerber/Gerber_BottomSilkscreenLayer.GBO,43127,b1cabca32771de7987643fcedec46aac0e914d6f89124862de637f17ab99f062,Hardware,Project and upstream as attributed,See docs/HARDWARE_PROVENANCE.csv and hardware navigation.
03_Hardware/07_PCB_and_Electronics/LED_PCB/Gerber/Gerber_BottomSolderMaskLayer.GBS,1369,775849611e3287d93137455a264b0a3a5c19fc6ea08d919fb66de04997f8ef96,Hardware,Project and upstream as attributed,See docs/HARDWARE_PROVENANCE.csv and hardware navigation.
03_Hardware/07_PCB_and_Electronics/LED_PCB/Gerber/Gerber_DocumentLayer.GDL,5361,362a43dd35dd8425ffb3f4822f4dab91a5475d2a46a79b3ef2748ab043f67dc9,Hardware,Project and upstream as attributed,See docs/HARDWARE_PROVENANCE.csv and hardware navigation.
03_Hardware/07_PCB_and_Electronics/LED_PCB/Gerber/Gerber_DrillDrawingLayer.GDD,769,113a353c0efd79833aae3cbf4bbbb8f53de7edf767ad2d67eeb6be8d3e04f805,Hardware,Project and upstream as attributed,See docs/HARDWARE_PROVENANCE.csv and hardware navigation.
03_Hardware/07_PCB_and_Electronics/LED_PCB/Gerber/Gerber_TopLayer.GTL,2429,19fb54c558d24d8f970101b5b72e4bbb65b99b96577a69e4dde0224df0d8c462,Hardware,Project and upstream as attributed,See docs/HARDWARE_PROVENANCE.csv and hardware navigation.
03_Hardware/07_PCB_and_Electronics/LED_PCB/Gerber/Gerber_TopPasteMaskLayer.GTP,873,42e5ef7e64faf6d1a9d42512d0aa67d77bf250d3659a6403c9b42511c69c001b,Hardware,Project and upstream as attributed,See docs/HARDWARE_PROVENANCE.csv and hardware navigation.
03_Hardware/07_PCB_and_Electronics/LED_PCB/Gerber/Gerber_TopSilkscreenLayer.GTO,4134,894a1f2e5094e47ae3cda2ddc1a53419113d293b90a366a29de817ca76eb0fce,Hardware,Project and upstream as attributed,See docs/HARDWARE_PROVENANCE.csv and hardware navigation.
03_Hardware/07_PCB_and_Electronics/LED_PCB/Gerber/Gerber_TopSolderMaskLayer.GTS,1255,ddd3600188eeaaa44aa1ec7a5cab9ad9082dbfa75869042f0025002ec0d74f81,Hardware,Project and upstream as attributed,See docs/HARDWARE_PROVENANCE.csv and hardware navigation.
03_Hardware/07_PCB_and_Electronics/LED_PCB/Gerber/PCB下单必读.txt,94,dcb3ee1c645c17a009d70726ad9ab708b68a074556fabcf75a4a059d3b43ec59,Hardware,Project and upstream as attributed,See docs/HARDWARE_PROVENANCE.csv and hardware navigation.
03_Hardware/07_PCB_and_Electronics/LED_PCB/Gerber_Archive/Gerber_LED-PCB_.zip,96285,02f264d280e4fc9d2e17e9a3bb21ef369b5bda3022f19f7b1ccc28d1e0d8db56,Hardware,Project and upstream as attributed,See docs/HARDWARE_PROVENANCE.csv and hardware navigation.
03_Hardware/07_PCB_and_Electronics/LED_PCB/Source_Project/9DTact_LED_ProEAD.epro,145279,3e5f3be8f51f0324e4d727af5a39e0d74a63afd5c6cd0d8bf54e75eb2756df3c,Hardware,Project and upstream as attributed,See docs/HARDWARE_PROVENANCE.csv and hardware navigation.
03_Hardware/07_PCB_and_Electronics/Photos/led_pcb_and_camera.jpg,1876689,4185d9fc3a4efe7c8ed4729a520de2f50fa6f8fe71161c425d6ba4d7af62d821,Hardware,Project and upstream as attributed,See docs/HARDWARE_PROVENANCE.csv and hardware navigation.
03_Hardware/07_PCB_and_Electronics/Photos/sensor_electronics_components.jpg,2063344,8fe513b7ab02fa9a2e60d9a8b885eab474e902e3d4c2db0d29a29a176b6334b6,Hardware,Project and upstream as attributed,See docs/HARDWARE_PROVENANCE.csv and hardware navigation.
03_Hardware/08_Renders_and_Photos/Assembly_and_Design/custom_gripper_assembly_render.png,275879,2424a1596b20bba572839eff15483661d8b2eeb20d8411ee61bdb231dd442341,Hardware,Project and upstream as attributed,See docs/HARDWARE_PROVENANCE.csv and hardware navigation.
03_Hardware/08_Renders_and_Photos/Assembly_and_Design/sensor_exploded_view_annotated.jpg,112551,63ecef1cc2777c4a125a734b9db2fed50cc35b60acd2eb28778ab9ed4b7acc87,Hardware,Project and upstream as attributed,See docs/HARDWARE_PROVENANCE.csv and hardware navigation.
03_Hardware/08_Renders_and_Photos/Completed_Hardware/completed_dual_custom_sensors.jpg,3007483,9ad80b064d03d74f02efb7f946442e12a19fa8622a0ac83fe0ac9737cfff8da8,Hardware,Project and upstream as attributed,See docs/HARDWARE_PROVENANCE.csv and hardware navigation.
03_Hardware/08_Renders_and_Photos/PHOTO_CATALOG.md,4864,e01f34924744c30ec4c59f3301686265dac2d224cd682ea4eb743a51e9c52a6b,Hardware,Project and upstream as attributed,See docs/HARDWARE_PROVENANCE.csv and hardware navigation.
03_Hardware/08_Renders_and_Photos/PHOTO_SOURCE_MAPPING.csv,8782,28563a2e034649d7ef15f3ef847a0837136f5a7d1cccb723c4da0500e6f58b29,Hardware,Project and upstream as attributed,See docs/HARDWARE_PROVENANCE.csv and hardware navigation.
03_Hardware/08_Renders_and_Photos/Technical_Diagrams/9dtact_system_architecture.png,272396,f3161ae9320435fa579cd978bc1660d2fe9ed3bc778d644b8ecee17c03954095,Hardware,Project and upstream as attributed,See docs/HARDWARE_PROVENANCE.csv and hardware navigation.
03_Hardware/08_Renders_and_Photos/Technical_Diagrams/sensor_optical_structure.png,1814916,2fb8f37576233d76691a3ef0544677e4c97d707047666603721e0ab17027142d,Hardware,Project and upstream as attributed,See docs/HARDWARE_PROVENANCE.csv and hardware navigation.
03_Hardware/08_Renders_and_Photos/Technical_Diagrams/three_layer_silicone_concept.png,307098,de7384003eab089e6f06e533684f9cfe5ff318552175d977d947707865359f13,Hardware,Project and upstream as attributed,See docs/HARDWARE_PROVENANCE.csv and hardware navigation.
03_Hardware/08_Renders_and_Photos/Test_Setups/benchtop_sensor_test_fixture.jpg,2514262,b45d478903046f08ae8ed521c10d3ed7c32265a371034347c93ad9f216f02270,Hardware,Project and upstream as attributed,See docs/HARDWARE_PROVENANCE.csv and hardware navigation.
03_Hardware/08_Renders_and_Photos/Test_Setups/screw_loading_sensor_test.jpg,2407386,af142b06239ddeda0a02e23a614da2dc260b46eb3c3b6e4aaa04cd174ab62230,Hardware,Project and upstream as attributed,See docs/HARDWARE_PROVENANCE.csv and hardware navigation.
03_Hardware/08_Renders_and_Photos/Test_Setups/sensor_ft300_calibration_fixture.jpg,1954955,8012360661a60c4bd08a90a70e13fc570db9b8c1e0b18f0ab0b4e78c217a6ae2,Hardware,Project and upstream as attributed,See docs/HARDWARE_PROVENANCE.csv and hardware navigation.
03_Hardware/09_Manufacturing_Notes/ASSEMBLY_AND_MANUFACTURING_NOTES.md,4397,582cd57747b133cfbcfba0a8841b9ad9baa753fb45ef41ee9cb42529a4d6bc11,Hardware,Project and upstream as attributed,See docs/HARDWARE_PROVENANCE.csv and hardware navigation.
03_Hardware/09_Manufacturing_Notes/Process_Photos/black_g25_top_layer.jpg,3058623,f10274b986dd33c07fc80e3c99fb4903dc33b44d982c4becc7a3bff92b465f38,Hardware,Project and upstream as attributed,See docs/HARDWARE_PROVENANCE.csv and hardware navigation.
03_Hardware/09_Manufacturing_Notes/Process_Photos/mold_hot_glue_sealing.jpg,1897101,ac96b3e2538363a030a4811795b967033dfe42c25ecd296c2648d7fcaf44bc5b,Hardware,Project and upstream as attributed,See docs/HARDWARE_PROVENANCE.csv and hardware navigation.
03_Hardware/09_Manufacturing_Notes/Process_Photos/multi_layer_casting_molds.jpg,2443928,312e085961e9c596c978e5ad3d5b333ab7a2b4552f2fa9ba6279f5830b65b14d,Hardware,Project and upstream as attributed,See docs/HARDWARE_PROVENANCE.csv and hardware navigation.
03_Hardware/09_Manufacturing_Notes/Process_Photos/printed_mold_and_housing_parts.jpg,2730447,eddb064eaf2338c64e9604c441dc73500556dcfd391ec0225bc9a96317898e93,Hardware,Project and upstream as attributed,See docs/HARDWARE_PROVENANCE.csv and hardware navigation.
03_Hardware/09_Manufacturing_Notes/Process_Photos/silicone_material_preparation.jpg,2819087,e7f51551f84e35f34b44ea7865ace44749036307ec718c66637df60bf3d8b7b9,Hardware,Project and upstream as attributed,See docs/HARDWARE_PROVENANCE.csv and hardware navigation.
03_Hardware/09_Manufacturing_Notes/Process_Photos/silicone_vacuum_degassing.jpg,2944349,bffc14bcd7966eccc75197cfc7fe775c3678e67d5bfc71e2285e7bd76d279b33,Hardware,Project and upstream as attributed,See docs/HARDWARE_PROVENANCE.csv and hardware navigation.
03_Hardware/09_Manufacturing_Notes/Process_Photos/translucent_g5_middle_layer.jpg,2441137,16d545e0bc1a21c7cf5a8bc497880d51db22647d7742f69b1e8002ec7a7aa176,Hardware,Project and upstream as attributed,See docs/HARDWARE_PROVENANCE.csv and hardware navigation.
03_Hardware/09_Manufacturing_Notes/Process_Photos/transparent_g50_bottom_layer.jpg,2054411,9b74e545dee58346e1e27013d876cdf11864969ab2c76d7eb6cf90361ef4bdb8,Hardware,Project and upstream as attributed,See docs/HARDWARE_PROVENANCE.csv and hardware navigation.
03_Hardware/BOM_INDEX.md,693,a12b579fc5826c25ae577d3a04395a080e79685a46a88ddde230c04b622d4a2e,Hardware,Project and upstream as attributed,See docs/HARDWARE_PROVENANCE.csv and hardware navigation.
03_Hardware/HARDWARE_INDEX.md,2489,08da9f4aa9cc63b2f08a9a94981f26b7cdc336c71b82276193444e6a8b574120,Hardware,Project and upstream as attributed,See docs/HARDWARE_PROVENANCE.csv and hardware navigation.
03_Hardware/README.md,2965,fdff2204ac1c4987a7778f677cb7be6aa7e8bb0f12ae1fd0c91135a81ad95a02,Hardware,Project and upstream as attributed,See docs/HARDWARE_PROVENANCE.csv and hardware navigation.
04_Data_and_Models/02_Calibration_Data/CALIBRATION_FILE_MANIFEST.csv,7233,84bdd9eff0f6d2a5dc2446840db8c2993b3b0ac9beafde29dd862f7e23ddc1bd,Calibration and evidence,Technical record,Not a force-training dataset or quantitative model result.
04_Data_and_Models/02_Calibration_Data/Documentation_Images/Camera_Calibration/camera_calibration_7x9_board.jpg,1851031,c7754d8856ec5bc6666be6845e8cfc7ce5b17517612c9655f44bafeaac0fb866,Calibration and evidence,Technical record,Not a force-training dataset or quantitative model result.
04_Data_and_Models/02_Calibration_Data/Documentation_Images/Camera_Calibration/manual_camera_calibration_63_point_gui.png,825434,457f148deb5553c54699a7187a487858973587802a791c86a7592c774a41e860,Calibration and evidence,Technical record,Not a force-training dataset or quantitative model result.
04_Data_and_Models/02_Calibration_Data/Documentation_Images/Depth_Calibration/depth_calibration_4mm_radius_indenter.jpg,1742009,0876fac49751e40a97d02694395dd106ccbba521da1dff93db778ef30d1f494a,Calibration and evidence,Technical record,Not a force-training dataset or quantitative model result.
04_Data_and_Models/02_Calibration_Data/Documentation_Images/Depth_Calibration/depth_calibration_process.png,950904,5b64e6983b3686ae90c289e9e614f9f88d420fa140cace7102e032a9110c0604,Calibration and evidence,Technical record,Not a force-training dataset or quantitative model result.
04_Data_and_Models/03_Processed_Data/Shape_Reconstruction_Results/shape_reconstruction_result.png,362712,6c66bba61930892c99345cd5a3913472c85c68d0f8314c6ecd13748b353e2aef,Calibration and evidence,Technical record,Not a force-training dataset or quantitative model result.
04_Data_and_Models/DATA_MANIFEST.csv,1357,b99d95d53462cfd4080be1efa588965df33d8268afb52ecb1734d5375f7c2372,Calibration and evidence,Technical record,Not a force-training dataset or quantitative model result.
04_Data_and_Models/DATA_MODEL_INDEX.md,2044,8ca97df00f3e7f27031a54f39e332c0a83379e1202ea73a4c8279abfb5690f13,Calibration and evidence,Technical record,Not a force-training dataset or quantitative model result.
04_Data_and_Models/DATA_PROTOCOL.md,2732,b1cd6efdb8be37359ccfa9672517894a40b405ba18acd18eace09ed352e8bf84,Calibration and evidence,Technical record,Not a force-training dataset or quantitative model result.
05_Demos/DEMO_INDEX.md,721,1c61dd72ae63b00fd9e42c462935019f74981bc67ffc75230a266db88ed4cd74,Portfolio documentation,Portfolio revision,Technical presentation and navigation.
05_Demos/Previews/hardware-preview.jpg,34965,de9f84b0829257fb5244db1641dec8b78296dda43a65621f5e69fc6e205cb648,Display derivative,Mapped project source,See image/video source mapping for original hash and processing.
05_Demos/Previews/hardware-preview.mp4,1265963,5edc9523a227d8e19b3ea453d39c8307f5d4dd5b1a7517ecb1624e78abe9c0c1,Display derivative,Mapped project source,See image/video source mapping for original hash and processing.
05_Demos/Previews/PREVIEW_SOURCES.json,1638,8bd41fe9bd4d782672d75e31028a5ac07edf043a2407e7900e8d23e86c57900f,Display derivative,Mapped project source,See image/video source mapping for original hash and processing.
05_Demos/Previews/shape-preview.jpg,35214,4b443458150cf8adfbb23b752be29fdc3de9efee9a72189f6464e2d6fcaad41e,Display derivative,Mapped project source,See image/video source mapping for original hash and processing.
05_Demos/Previews/shape-preview.mp4,1062118,887bc1974694395930e2a095b9ca046658f7ef2da651c72b32c816e5be1dbd29,Display derivative,Mapped project source,See image/video source mapping for original hash and processing.
05_Demos/Previews/vector-preview.jpg,27366,dbf44252f41b605ec5543b155babffcbad17d5c4d007c2c37b44e323647d9476,Display derivative,Mapped project source,See image/video source mapping for original hash and processing.
05_Demos/Previews/vector-preview.mp4,683873,71916123e641d774f3cc655b4c49f929a56435c9885d5e4cb623d83ac95020d9,Display derivative,Mapped project source,See image/video source mapping for original hash and processing.
05_Demos/README.md,2615,210168efe59a36f1f3a4694e702f4360b083c7f818648c2315a01b24e39df321,Portfolio documentation,Portfolio revision,Technical presentation and navigation.
05_Demos/Successful/custom_tactile_sensor_hardware_showcase.mp4,703360947,01a51913b11ca51e3fd2ff0e420737365229f36240c6ef0213dc7ae7839ace69,Original video,Qualitative source,Materialized LFS bytes; video is not an accuracy or signal-provenance guarantee.
05_Demos/Successful/realtime_6d_force_visualization_demo.mp4,627341255,51163d86f7fd83a5d4a7289ddbbc0df4c85174a6534be23b0b163559f86c9cfd,Original video,Qualitative source,Materialized LFS bytes; video is not an accuracy or signal-provenance guarantee.
05_Demos/Successful/shape_reconstruction_pressing_demo.mp4,566819960,dfb8afeda2eb5e7c96937eca5ce0e357a2174a850bb877865dba12219bcd040a,Original video,Qualitative source,Materialized LFS bytes; video is not an accuracy or signal-provenance guarantee.
05_Demos/VIDEO_SOURCE_MAPPING.csv,2099,03d3d777f9a2a4baa92aff0c5c2c40da53362d29a2e3914d110b8348ba6278be,Portfolio documentation,Portfolio revision,Technical presentation and navigation.
AGENTS.md,1490,2a9f78b31f2b601392702a34c90f03e00a3c7e72e2c553c0d8be7890c0063c33,Portfolio documentation,Portfolio revision,Technical presentation and navigation.
docs/archive/HANDOVER.md,1371,130de0fbbd774fb735f795523d9a7992d8c0f58b2bd5fe9a08b2e607131c15d3,Portfolio documentation,Portfolio revision,Technical presentation and navigation.
docs/assets/camera-led-integration.jpg,150232,ee920032bacdd6fab5daf392185f14f60413f5c542193cefa838839e3e1c978c,Display derivative,Mapped project source,See image/video source mapping for original hash and processing.
docs/assets/ft300-platform.jpg,230666,4ac9dadbd8759e7dba195ba85cdc8a8ca0124c028de81d31630ae90df5a7c692,Display derivative,Mapped project source,See image/video source mapping for original hash and processing.
docs/assets/gripper-cad.jpg,89019,62f0b2fb7fae9f00b0ac7d2e78190e8e84ad87a8b25bddf1b8e94a9557ecb9e0,Display derivative,Mapped project source,See image/video source mapping for original hash and processing.
docs/assets/IMAGE_SOURCES.json,1946,23c0e6d732a9e06096353e011006ab6f2cfd6b4dcb82ce733abfa010a8e5d8b2,Display derivative,Mapped project source,See image/video source mapping for original hash and processing.
docs/assets/sensor-exploded.jpg,59193,a8e6395288a44cfcee25cd78f71d4ca2d039705353f533ca91aa9604d21698a2,Display derivative,Mapped project source,See image/video source mapping for original hash and processing.
docs/assets/sensor-prototypes.jpg,326843,60e3cbf54fa08dd0d3a479f53bb5c128e336bd0d55d2b87980fc4cad5a79f213,Display derivative,Mapped project source,See image/video source mapping for original hash and processing.
docs/assets/silicone-manufacturing.jpg,253986,17ae588355aa6f79b355a8fca1d15c94617969d7c6d15d0d25fd93f2f21b91e2,Display derivative,Mapped project source,See image/video source mapping for original hash and processing.
docs/HARDWARE_PROVENANCE.csv,11058,ef5ee7af2343eb0a7d86fabcc02db36a9e4a9b592d68a408273e2117eca3e697,Portfolio documentation,Portfolio revision,Technical presentation and navigation.
docs/MAINTENANCE.md,1393,cba7f9e4d09b185a3a16b75f101767b7fe17a9aed60550dc13737415bf8deaaa,Portfolio documentation,Portfolio revision,Technical presentation and navigation.
docs/PROJECT_OVERVIEW.md,6123,b5bd7c2a1fb6f6ae42dbddfde66453c615cb805df4e23a78982644012428b650,Portfolio documentation,Portfolio revision,Technical presentation and navigation.
docs/RIGHTS_AND_ATTRIBUTION.md,3343,a6636d7b78f9710359588db7a04e238e72aaf4b1a427b3750663e26aa380d301,Portfolio documentation,Portfolio revision,Technical presentation and navigation.
docs/SOFTWARE_SOURCE_COMPARISON.csv,16518,6ff2cc501a94432ecd6c301bb73668fbd3825629aa93f2d5349aaca3df2df9e5,Portfolio documentation,Portfolio revision,Technical presentation and navigation.
docs/VALIDATION_STATUS.md,5882,a6557c4d1285450d1a08c1fe82dec64ef161b77699f3f2d2fc3b1e79305eb134,Portfolio documentation,Portfolio revision,Technical presentation and navigation.
EXTERNAL_ASSETS_REGISTER.md,1061,2a87a1858fe1e5c72f3c850a8754cdb805d1f8cb08ba710e6c1c08fff484d901,Portfolio documentation,Portfolio revision,Technical presentation and navigation.
PROGRESS_TIMELINE.md,1472,f7983d5d1fcfc36ad97a37194393fdee0835db18db87cdabfe780cacc1d71381,Portfolio documentation,Portfolio revision,Technical presentation and navigation.
README.md,8241,a78388c1b5ae8173bd0a2bdeef4bb3f9aad0591b9d488a6e03f20b4dba4b9616,Portfolio documentation,Portfolio revision,Technical presentation and navigation.
README_EN.md,8329,2094959119daef9d1d5815cf8e15f255ebe73b02affbb38cbe1ae1daea9536e2,Portfolio documentation,Portfolio revision,Technical presentation and navigation.
VERSION_FREEZE.md,3323,fbe4a1a91970f53f500659c61857de7db3567f568f692e217580b4d4a0d7546a,Portfolio documentation,Portfolio revision,Technical presentation and navigation.
